gallery,title,url,confirmed_location,photos,description,case_study_words
"G01","White Handleless Kitchen & Utility Installation","https://formandframekitchens.co.uk/gallery/handleless-kitchen-installation","","12","White handleless kitchen installation with integrated appliances, concealed laundry storage and precise cabinet alignment. See the finished details.","428"
"G02","Soho Bespoke Fitted Bookcase with Lighting","https://formandframekitchens.co.uk/gallery/soho-bespoke-bookcase","Soho, London","5","A dark fitted bookcase in Soho with illuminated display shelves, mirrored backing and concealed lower cupboards. Explore the cabinet and grain details.","437"
"G03","Soho Bespoke Walk-In Wardrobe","https://formandframekitchens.co.uk/gallery/soho-walk-in-wardrobe","Soho, London","3","Bespoke walk-in wardrobe in Soho with illuminated hanging rails, open shelves, drawers and mirrored storage. View the fitted dressing-room layout.","377"
"G04","Bespoke Floating TV Units in Grey & Black","https://formandframekitchens.co.uk/gallery/grey-black-bespoke-media-wall","","9","Wall-mounted bespoke TV furniture in grey and black, with floating shelves, concealed cupboards and detailed wood-grain cabinet fronts.","381"
"G06","Bespoke Built-In Window Seat with Drawers","https://formandframekitchens.co.uk/gallery/built-in-window-seat-storage","London","3","A painted built-in window seat with panelled drawer fronts, lift-up seat panels and curved ends, fitted into a London window recess.","395"
"G07","Soho Bespoke Fitted Shoe Cupboard","https://formandframekitchens.co.uk/gallery/soho-shoe-storage-cabinet","Soho, London","4","A bespoke shoe cupboard in Soho with full-height shelving, adjustable shelf positions and integrated lighting for an organised footwear collection.","393"
"G08","Bespoke Black Oak Media Wall with Brass Inlay","https://formandframekitchens.co.uk/gallery/black-oak-media-wall-brass-inlay","London","6","Black oak media wall with brass inlay, fitted TV recess, open display shelves and concealed cupboards. See the grain and metal detailing.","539"
"G09","Bespoke Walnut Bookcase with Mirrored Feature","https://formandframekitchens.co.uk/gallery/natural-walnut-bespoke-bookcase","","4","Natural walnut fitted bookcase with illuminated geometric mirror panels and open shelves. Explore the contrast between timber, reflection and light.","465"
"G11","Westminster High-Gloss Doors with Brass Inlay","https://formandframekitchens.co.uk/gallery/westminster-polished-brass-panelled-doors","Westminster, London","4","High-gloss internal doors and wall panels in Westminster, with polished brass inlay and contrasting textured surfaces. View the junction details.","472"
"G12","Esher Bespoke Bookcase & Fitted Storage","https://formandframekitchens.co.uk/gallery/bookcase-in-esher","Esher, Surrey","6","Bespoke bookcase in Esher with reflective dark shelving, pale cupboard fronts and divided drawers. See the fitted storage and material junctions.","448"
"G13","Bespoke Cream Media Wall with Display Niches","https://formandframekitchens.co.uk/gallery/cream-bespoke-tv-unit","","5","Cream fitted media wall with a recessed television, illuminated display niches and panelled storage. View the full-height living-room joinery.","425"
"G14","Bespoke Textured-Front Living-Room Cabinet","https://formandframekitchens.co.uk/gallery/crocodile-front-bespoke-cabinet","","5","A tall bespoke cabinet with crocodile-pattern textured fronts, metallic inset handles and concealed shelving, designed for a formal living room.","453"
"G15","Bespoke Dark Media Wall with Textured Panels","https://formandframekitchens.co.uk/gallery/sc-bespoke-tv-unit","","5","A full-wall bespoke TV unit with dark textured panels, display shelves and low-level storage. Explore the fitted living-room furniture.","457"
"G16","Bespoke High-Gloss Room-Divider Bookcase","https://formandframekitchens.co.uk/gallery/sc-bespoke-bookcase","","6","A dark high-gloss bookcase and room divider with open display compartments, reflective panels and views through the surrounding interior.","421"
"G17","Bespoke Grey Sideboard with Metal Legs","https://formandframekitchens.co.uk/gallery/grey-bespoke-sideboard","","4","A bespoke grey wood-grain sideboard with polished metal legs, square handles, drawers and mirrored internal shelving. Explore the furniture details.","381"
"G19","Putney Heath Bespoke Alcove Cabinets","https://formandframekitchens.co.uk/gallery/putney-heath-bespoke-cabinets","Putney Heath, London","6","Bespoke alcove cabinets in Putney Heath with textured fronts, metallic handles and concealed television and book storage beside a fireplace.","389"
"G20","Highgate Bespoke Fitted Alcove Wardrobes","https://formandframekitchens.co.uk/gallery/highgate-fitted-wardrobes","Highgate, London","3","Bespoke fitted wardrobes in Highgate, with pale panelled doors and hanging, shelf and drawer storage fitted into bedroom alcoves.","367"
"G25","Earls Court Bespoke Floating Console & Mirror","https://formandframekitchens.co.uk/gallery/earls-court-floating-shelf-mirror-wall","Earls Court, London","1","A dark floating hallway console in Earls Court, with a curved end and full-height mirrored wall. View the compact fitted entrance feature.","305"
"G27","Manchester Bespoke Walk-In Wardrobe & Island","https://formandframekitchens.co.uk/gallery/manchester-walk-in-wardrobe","Manchester","6","Bespoke walk-in wardrobe in Manchester with mirrored doors, a glazed jewellery island and fitted dressing table. Explore the organised storage.","388"
"G29","Virginia Water Bespoke Wine Display Cabinetry","https://formandframekitchens.co.uk/gallery/virginia-water-wine-room","Virginia Water, Surrey","6","Bespoke wine-room cabinetry in Virginia Water, with illuminated bottle shelves, mirrored display storage and a dark high-gloss finish.","279"
"G30","Fulham Bespoke Wine Cellar Joinery","https://formandframekitchens.co.uk/gallery/fulham-wine-cellar","Fulham, London","5","Bespoke wine cellar joinery in Fulham with diamond bottle racks, illuminated display shelves and compartments for wooden wine cases.","281"
"G31","Fulham Bespoke Fitted Home Office","https://formandframekitchens.co.uk/gallery/fulham-home-office","Fulham, London","4","Bespoke home-office furniture in Fulham, with a fitted desk, illuminated bookshelves, lower cupboards and contrasting drawer detail.","350"
"G32","Fulham Bespoke Fitted Alcove Units","https://formandframekitchens.co.uk/gallery/fulham-alcove-units","Fulham, London","4","Pale bespoke alcove cupboards in Fulham, with illuminated display shelves and fitted storage beside a television and fireplace.","301"
"G33","Fulham Bespoke Home Bar & Fitted Cabinetry","https://formandframekitchens.co.uk/gallery/fulham-juice-bar-joinery","Fulham, London","7","Bespoke home-bar joinery in Fulham with a seating counter, pale cabinet fronts and accessible concealed storage in a bright living space.","301"
"G34","Fulham Bespoke Antique-Mirror Hallway Wardrobe","https://formandframekitchens.co.uk/gallery/fulham-antique-mirror-feature","Fulham, London","5","A fitted hallway wardrobe in Fulham with antique-effect mirrored doors, concealed coat storage and a finely divided panel design.","288"
"G45","Esher Bespoke Illuminated Alcove Cupboards","https://formandframekitchens.co.uk/gallery/esher-luxury-residence-alcove-units","Esher, Surrey","6","Dark fitted alcove cupboards in Esher with illuminated display shelves, grain detail and concealed lower storage beside a living-room fireplace.","234"
"G47","Bespoke Fitted Media Wall with Display Shelves","https://formandframekitchens.co.uk/gallery/bespoke-media-wall-display-shelving","","11","A pale fitted media wall with illuminated shelving, textured panels, fine metallic trim and concealed lower storage. Explore the close-up details.","295"
"G48","Bespoke TV Wall with Mirrored Display Shelves","https://formandframekitchens.co.uk/gallery/stourcliff-bespoke-media-wall","","6","Fitted living-room TV wall with wood-grain cupboards, mirrored display shelves and coordinated drawers. View the joinery and cabinet details.","295"
"G49","Bespoke Mirrored Fitted Bedroom Wardrobes","https://formandframekitchens.co.uk/gallery/stourcliff-mirrored-wardrobes","","5","Full-height fitted bedroom wardrobes with mirrored centre doors, pale side panels and contrasting borders, coordinated with bedside furniture.","286"
"G50","Bespoke Fitted Dressing Table with Drawers","https://formandframekitchens.co.uk/gallery/stourcliff-dressing-table","","3","A pale fitted dressing table beneath a bedroom window, with twin drawer banks, metallic handles and decorative grille-fronted side cupboards.","287"
"G51","Bespoke Fitted Wardrobe & Pull-Out Shoe Storage","https://formandframekitchens.co.uk/gallery/stourcliff-fitted-wardrobe-shoe-storage","","5","Pale fitted wardrobe with panelled doors, internal drawers and shelves, plus a separate shoe cupboard with pull-out racks. View both storage layouts.","259"
"G52","Bespoke Floating Bathroom Vanity & Storage","https://formandframekitchens.co.uk/gallery/stourcliff-bathroom-vanity-storage","","5","Wall-mounted bathroom vanity with dark grain drawer fronts, mirrored storage and a pale basin surface. Explore the fitted bathroom furniture.","274"
"G54","Bespoke Radiator Cover with Decorative Grille","https://formandframekitchens.co.uk/gallery/stourcliff-bespoke-radiator-cover","","2","A made-to-measure radiator cover beneath a window, with a dark diamond grille, metallic border and integrated top ventilation detail.","292"
"G55","Bespoke Illuminated Recessed Display Niche","https://formandframekitchens.co.uk/gallery/stourcliff-recessed-display-niche","","1","A recessed display niche with dark grain framing, glass shelves and integrated lighting, fitted above a wall control panel.","266"
"G35","Belgravia Bespoke Bedroom Bookcases & Storage","https://formandframekitchens.co.uk/gallery/belgravia-kids-room-home-office-furniture","Belgravia, London","3","Bespoke bedroom bookcases in Belgravia with overhead cupboards, fitted bedside drawers and a coordinated bed surround in a warm wood-grain finish.","197"
"G36","Belgravia Bespoke Floating Cloakroom Vanity","https://formandframekitchens.co.uk/gallery/belgravia-bathroom-furniture-antique-mirror","Belgravia, London","2","Dark floating cloakroom vanity in Belgravia with a glossy grain finish, fine metallic detailing and a decorative countertop basin.","168"
"G37","Belgravia Bespoke Walk-In Wardrobe","https://formandframekitchens.co.uk/gallery/belgravia-walk-in-wardrobe","Belgravia, London","6","Luxury walk-in wardrobe in Belgravia with illuminated glass display shelves, dark fitted storage and carefully integrated metallic details.","270"
"G38","Belgravia Bespoke Dining Display Cabinets","https://formandframekitchens.co.uk/gallery/belgravia-dining-room-tv-furniture","Belgravia, London","6","Fitted dining-room display cabinets in Belgravia with illuminated shelves, glossy wood-grain surfaces and textured inset panels.","192"
"G39","Belgravia Bespoke Bedroom TV Wall & Dressing Table","https://formandframekitchens.co.uk/gallery/belgravia-master-bedroom-furniture","Belgravia, London","5","Bespoke bedroom media wall in Belgravia, with high-gloss cabinetry, concealed storage and a lit dressing-table recess beside the television.","181"
"G41","Esher Bespoke Dark Walk-In Wardrobe","https://formandframekitchens.co.uk/gallery/esher-luxury-residence-walk-in-wardrobe","Esher, Surrey","4","A bespoke walk-in wardrobe in Esher with dark textured fronts, metallic pull handles and illuminated hanging, shelf and drawer storage.","189"
"G42","Esher Bespoke Playroom TV & Toy Storage","https://formandframekitchens.co.uk/gallery/esher-luxury-residence-kids-room-tv-unit","Esher, Surrey","3","Bespoke playroom TV furniture in Esher with illuminated display shelves, open toy compartments and low storage arranged around a television.","281"
"G43","Esher Bespoke Home Office & Library Joinery","https://formandframekitchens.co.uk/gallery/esher-luxury-residence-home-office","Esher, Surrey","5","Bespoke home-office joinery in Esher with an illuminated library wall, lower cupboards and matching alcove storage around the fireplace.","270"
"G44","Esher Bespoke Bookcase with Leather & Brass","https://formandframekitchens.co.uk/gallery/esher-luxury-residence-bookcase-leather-brass","Esher, Surrey","5","Bespoke fitted bookcase in Esher with leather and brass details, illuminated display shelves and dark grain cabinetry with lower cupboards.","271"
"G56","Esher Bespoke Wine Room & Display Cabinetry","https://formandframekitchens.co.uk/gallery/esher-luxury-residence-wine-cellar","Esher, Surrey","2","Bespoke wine-room joinery in Esher with illuminated bottle racks, mirrored central display and fitted storage around a tasting area.","273"
"G57","Bespoke White Fitted Library Bookcase","https://formandframekitchens.co.uk/gallery/full-wall-white-library-bookcase","","4","A full-wall white fitted bookcase with open library shelving and concealed lower storage, designed around a sitting-room book collection.","273"
"G58","Esher Bespoke Bathroom Vanity with Mirrored Doors","https://formandframekitchens.co.uk/gallery/esher-luxury-residence-bathroom-vanity-mirror","Esher, Surrey","3","A bespoke bathroom vanity in Esher with decorative mirrored fronts, a bowl basin, veined counter and tall segmented wall mirror.","263"
"G59","Bespoke Traditional Radiator Covers & Bookcases","https://formandframekitchens.co.uk/gallery/traditional-radiator-covers-fitted-shelving","","5","Traditional white radiator covers and fitted bookshelves, with decorative grilles and coordinated joinery across a living room and entrance.","269"
"G60","Esher Bespoke Fitted Dressing Table","https://formandframekitchens.co.uk/gallery/esher-luxury-residence-make-up-table","Esher, Surrey","1","A pale fitted dressing table in Esher with twin drawer banks, decorative fronts and a tall mirror, arranged within a recessed dressing area.","243"
"G61","Esher Bespoke Modern Alcove Display Units","https://formandframekitchens.co.uk/gallery/esher-luxury-residence-modern-alcove-units","Esher, Surrey","2","Modern fitted alcove units in Esher with dark lower cupboards, reflective display shelves and lighting beside a living-room television and fireplace.","228"
"G62","Esher Bespoke Hallway Wardrobe & Storage Bench","https://formandframekitchens.co.uk/gallery/esher-entrance-wardrobe-bench","Esher, Surrey","3","Bespoke entrance storage in Esher with a fitted coat wardrobe, shoe shelves, bench and open shelving for a practical hallway layout.","197"
"G63","Esher Bespoke Decorative Mirrored Wardrobes","https://formandframekitchens.co.uk/gallery/esher-decorative-mirrored-wardrobes","Esher, Surrey","5","Bespoke mirrored wardrobes in Esher with circular door patterns, internal hanging storage and fitted shoe shelves along the dressing-room passage.","198"
"G64","Bespoke Dining Display & Drinks Cabinet","https://formandframekitchens.co.uk/gallery/dining-display-drinks-cabinet","","6","A dark fitted drinks cabinet with mirrored shelving, integrated lighting, glazed lower storage and textured metallic handles for a dining room.","200"
"G65","Bespoke Dressing Table with Lift-Up Mirror","https://formandframekitchens.co.uk/gallery/lift-up-mirror-dressing-table","","6","A fitted dressing table with a lift-up mirror, divided cosmetics storage, textured drawer fronts and metallic knobs beneath a rooflight.","199"
"G66","Bespoke Built-In Eaves Storage Cupboard","https://formandframekitchens.co.uk/gallery/fitted-eaves-cupboard","","1","A pale two-door eaves cupboard fitted into a low wall beneath a sloping bedroom ceiling. A compact example of made-to-measure storage.","178"
"G67","Bespoke Fitted Bedroom TV Cabinet","https://formandframekitchens.co.uk/gallery/bedroom-tv-cabinet","","2","A fitted bedroom TV cabinet under a sloping ceiling, with reflective backing, open equipment shelves and pale lower cupboards.","199"
"G68","Bespoke Low Eaves Cabinet with Top Grille","https://formandframekitchens.co.uk/gallery/ventilated-eaves-cabinet","","1","A low fitted eaves cabinet beneath a rooflight, with pale framed doors, metallic handles and a ventilation grille in the top surface.","180"
"G69","Bespoke Fitted Bathroom Cupboards under Eaves","https://formandframekitchens.co.uk/gallery/sloping-ceiling-bathroom-storage","","4","Dark fitted bathroom cupboards shaped beneath a sloping ceiling, with internal shelving, textured fronts and warm metallic handles.","203"
"G70","Belgravia Bespoke High-Gloss Fitted Wardrobe","https://formandframekitchens.co.uk/gallery/belgravia-bedroom-fitted-wardrobe","Belgravia, London","4","High-gloss fitted bedroom wardrobe in Belgravia with a contrasting horizontal band, illuminated hanging space and pull-out internal storage.","200"
"G71","Belgravia Bespoke Fitted Bedroom Study Desk","https://formandframekitchens.co.uk/gallery/belgravia-bedroom-study-desk","Belgravia, London","3","A dark fitted bedroom study desk in Belgravia with a shallow drawer, reflective edge detail and adjacent book storage beneath a window.","199"
"G72","Belgravia Bespoke High-Gloss Living-Room TV Wall","https://formandframekitchens.co.uk/gallery/belgravia-living-room-tv-wall","Belgravia, London","1","A dark high-gloss fitted TV wall in Belgravia, with a recessed screen and integrated cabinetry beside a living-room window.","153"
"G73","Belgravia Bespoke Bedside Cabinets & Headboard","https://formandframekitchens.co.uk/gallery/belgravia-headboard-bedside-cabinets","Belgravia, London","3","Bespoke bedroom furniture in Belgravia with a tall padded headboard, mirrored side panels and dark fitted bedside drawer cabinets.","191"
"G74","Belgravia Bespoke Floating Basin Shelf","https://formandframekitchens.co.uk/gallery/belgravia-round-basin-vanity-shelf","Belgravia, London","1","A dark floating vanity shelf in Belgravia supporting a round countertop basin, with a visible grain finish in a compact bathroom.","182"
"G75","Belgravia Bespoke Wall-Mounted Bathroom Vanity","https://formandframekitchens.co.uk/gallery/belgravia-rectangular-basin-vanity","Belgravia, London","2","Dark wall-mounted vanity in Belgravia with a rectangular basin, metallic pull handles and fitted storage beneath an illuminated mirror.","190"
"G76","Belgravia Bespoke Light Fitted Study Desk","https://formandframekitchens.co.uk/gallery/belgravia-light-fitted-study-desk","Belgravia, London","2","A pale fitted study desk in Belgravia with shallow drawers and a textured inset writing surface, positioned beside a window.","187"
"G77","Belgravia Bespoke Bedroom Storage & Padded Bed Wall","https://formandframekitchens.co.uk/gallery/belgravia-padded-headboard-bedroom-storage","Belgravia, London","5","Bespoke fitted bedroom furniture in Belgravia with a curved padded headboard, glossy cupboards, book shelves and integrated bedside details.","202"
