gallery,photo,title,location,old_url,new_url,alt,sha256
G01,1,White Handleless Kitchen & Utility Installation,,/images/gallery/stourcliff-white-handleless-kitchen/stourcliff-white-kitchen-alignment-06.webp,/images/gallery/g01/g01-01-white-handleless-fitted-kitchen-with-a-cooking-run.webp,"White handleless fitted kitchen with a cooking run, sink and tall storage",d130dc5f2d6e8e0778f717be13fe8743fea90b0e7977397bfcb9b28f69721bbe
G01,2,White Handleless Kitchen & Utility Installation,,/images/gallery/stourcliff-white-handleless-kitchen/stourcliff-white-kitchen-appliance-view-07.webp,/images/gallery/g01/g01-02-overall-view-of-the-cooking-run-sink-and.webp,"Overall view of the cooking run, sink and tall cabinetry",e836c554d764b22d7d2cf8c7bb63b778084ee563ffced98e0dcc1ddb191f7d82
G01,3,White Handleless Kitchen & Utility Installation,,/images/gallery/stourcliff-white-handleless-kitchen/stourcliff-white-kitchen-counter-detail-08.webp,/images/gallery/g01/g01-03-microwave-housing-and-matching-utility-cabinetry.webp,Microwave housing and matching utility cabinetry,249c826866aeb224546ea9f076f0bac34e81635e28114f5ff7e769c360ecd87f
G01,4,White Handleless Kitchen & Utility Installation,,/images/gallery/stourcliff-white-handleless-kitchen/stourcliff-white-kitchen-detail-10.webp,/images/gallery/g01/g01-04-closed-utility-cabinetry-beside-the-kitchen.webp,Closed utility cabinetry beside the kitchen,56bbbc577fb942afdded79b582c93daa4bd260b7f50b4384b655f2f3f7cbe49d
G01,5,White Handleless Kitchen & Utility Installation,,/images/gallery/stourcliff-white-handleless-kitchen/stourcliff-white-kitchen-fitted-detail-09.webp,/images/gallery/g01/g01-05-open-tall-cupboard-in-the-kitchen-utility-area.webp,Open tall cupboard in the kitchen utility area,4e67ffbd39ed0cc36575365df17445519bb461fdc306518474c819a35b7f2122
G01,6,White Handleless Kitchen & Utility Installation,,/images/gallery/stourcliff-white-handleless-kitchen/stourcliff-white-kitchen-detail-11.webp,/images/gallery/g01/g01-06-washing-machine-concealed-behind-a-matching-cabinet-door.webp,Washing machine concealed behind a matching cabinet door,bdff8bec4bd7774d9bc1e9e683b0034e31310fae8c229731654fc69b6d9df8c0
G01,7,White Handleless Kitchen & Utility Installation,,/images/gallery/stourcliff-white-handleless-kitchen/stourcliff-white-kitchen-worktop-04.webp,/images/gallery/g01/g01-07-gas-hob-oven-and-surrounding-worktop.webp,"Gas hob, oven and surrounding worktop",cc19642f2c7ee300808499a43ebaf467a1aa99acb4020e0f1d894cb635ddb349
G01,8,White Handleless Kitchen & Utility Installation,,/images/gallery/stourcliff-white-handleless-kitchen/stourcliff-white-kitchen-room-view-02.webp,/images/gallery/g01/g01-08-drawer-fronts-and-handle-profiles-beside-the-worktop.webp,Drawer fronts and handle profiles beside the worktop,837b94cf46b5dcd7a5161e8d3d46874b94882d043574155376ac4673ca48c065
G01,9,White Handleless Kitchen & Utility Installation,,/images/gallery/stourcliff-white-handleless-kitchen/stourcliff-white-kitchen-cabinetry-03.webp,/images/gallery/g01/g01-09-junction-between-the-worktop-base-cabinetry-and-tall.webp,"Junction between the worktop, base cabinetry and tall unit",89252eb5b2eaeb72dce44a5b3049cbcf46be6fb1b452ddfabd752886ff477590
G01,10,White Handleless Kitchen & Utility Installation,,/images/gallery/stourcliff-white-handleless-kitchen/stourcliff-white-kitchen-detail-05.webp,/images/gallery/g01/g01-10-handleless-cabinet-fronts-and-worktop-edge.webp,Handleless cabinet fronts and worktop edge,e076259572275cee13a4a2c79b848fa6d1eda7d11e1b0f3da5e33e4c28d8c41e
G01,11,White Handleless Kitchen & Utility Installation,,/images/gallery/stourcliff-white-handleless-kitchen/stourcliff-white-kitchen-overall-01.webp,/images/gallery/g01/g01-11-close-up-of-the-recessed-handle-profile-on.webp,Close-up of the recessed handle profile on a white kitchen drawer,98ce723f0ef985d56f5bc25b2b19ad46e83fb417d5110437bdc6a3bd25090454
G01,12,White Handleless Kitchen & Utility Installation,,/images/gallery/stourcliff-white-handleless-kitchen/stourcliff-white-kitchen-detail-12.webp,/images/gallery/g01/g01-12-integrated-dishwasher-door-and-fitted-furniture-front.webp,Integrated dishwasher door and fitted furniture front,2fbf4bbe937dfdad363128c6b4d9b9cd7c9d46d2ae895e56d6fcb3b5eb1a6839
G02,1,Soho Bespoke Fitted Bookcase with Lighting,"Soho, London",/images/gallery/soho-bespoke-bookcase/soho-bespoke-bookcase-frontal-room-view-04.jpg,/images/gallery/g02/g02-01-dark-fitted-bookcase-with-illuminated-display-shelves-and.jpg,Dark fitted bookcase with illuminated display shelves and lower cupboards in Soho,d7e0d24a7f2502a7fe7d56156866e9976827123bc27e903e15a2bca7fd182ec2
G02,2,Soho Bespoke Fitted Bookcase with Lighting,"Soho, London",/images/gallery/soho-bespoke-bookcase/soho-bespoke-bookcase-room-view-01.webp,/images/gallery/g02/g02-02-angled-illuminated-view-of-soho-bespoke-bookcase.webp,Angled illuminated view of Soho bespoke bookcase,5891f3e168907d1ae0f3cd22ba4c1c3e7f651650a2e3bf19bee3f4ab2e51d776
G02,3,Soho Bespoke Fitted Bookcase with Lighting,"Soho, London",/images/gallery/soho-bespoke-bookcase/soho-bespoke-bookcase-full-height-02.webp,/images/gallery/g02/g02-03-full-height-side-view-of-soho-bespoke-bookcase.webp,Full-height side view of Soho bespoke bookcase,ff089a152d3a6a190c30c0feddb0b24554c0d92bb8bd554412af9ba522479218
G02,4,Soho Bespoke Fitted Bookcase with Lighting,"Soho, London",/images/gallery/soho-bespoke-bookcase/soho-bespoke-bookcase-display-view-05.jpg,/images/gallery/g02/g02-04-illuminated-dark-wood-grain-shelves-beside-the-soho.jpg,Illuminated dark wood-grain shelves beside the Soho living-room seating,3d9a684226b5eef1bb7564f7059588c37724f71c66ec9447e6e2a1f9783978f4
G02,5,Soho Bespoke Fitted Bookcase with Lighting,"Soho, London",/images/gallery/soho-bespoke-bookcase/soho-bespoke-bookcase-door-detail-06.jpg,/images/gallery/g02/g02-05-open-lower-bookcase-door-showing-the-dark-grain.jpg,Open lower bookcase door showing the dark grain and cabinet edge,225ffc619baee6eb99a9d314f98599466f3e98290779479cc2fe5929f0679c62
G03,1,Soho Bespoke Walk-In Wardrobe,"Soho, London",/images/gallery/soho-walk-in-wardrobe/soho-walk-in-wardrobe-aisle-view-02.webp,/images/gallery/g03/g03-01-full-aisle-view-through-soho-walk-in-wardrobe.webp,Full aisle view through Soho walk-in wardrobe,401b0896a2ae9df016c8da465f5d8742792bf5f894335728b91e86f438c42001
G03,2,Soho Bespoke Walk-In Wardrobe,"Soho, London",/images/gallery/soho-walk-in-wardrobe/soho-walk-in-wardrobe-illuminated-storage-01.webp,/images/gallery/g03/g03-02-illuminated-soho-walk-in-wardrobe-storage.webp,Illuminated Soho walk-in wardrobe storage,fb796079ae79d6ea44c875a472347627be6ae23b715e17682724744823befed0
G03,3,Soho Bespoke Walk-In Wardrobe,"Soho, London",/images/gallery/soho-walk-in-wardrobe/soho-walk-in-wardrobe-drawer-mirror-detail-03.webp,/images/gallery/g03/g03-03-drawer-and-mirror-detail-in-soho-walk-in.webp,Drawer and mirror detail in Soho walk-in wardrobe,f50c486be95d5a487021c62d66d7b2a588798ecf1da9c6095521b10e563aaf7d
G04,1,Bespoke Floating TV Units in Grey & Black,,/images/gallery/grey-black-bespoke-media-wall/grey-bespoke-media-wall-front-view-01.webp,/images/gallery/g04/g04-01-grey-bespoke-media-wall-front-view.webp,Grey bespoke media wall front view,5bcc169b733777423c967533c1d6acc3f57a5aecf1750145ceb650955a27def6
G04,2,Bespoke Floating TV Units in Grey & Black,,/images/gallery/grey-black-bespoke-media-wall/grey-bespoke-media-wall-angled-view-02.webp,/images/gallery/g04/g04-02-grey-bespoke-media-wall-angled-view.webp,Grey bespoke media wall angled view,385263fd30e65bcdded32b19f8a8c87adf09c4cd4a586d7d72deecc8100df152
G04,3,Bespoke Floating TV Units in Grey & Black,,/images/gallery/grey-black-bespoke-media-wall/black-bespoke-media-wall-front-view-03.webp,/images/gallery/g04/g04-03-black-bespoke-media-wall-front-view.webp,Black bespoke media wall front view,45dbb433fcec82848f79f04e5feec4fecc97fc47e18e11a3ee3c25355b3c98cd
G04,4,Bespoke Floating TV Units in Grey & Black,,/images/gallery/grey-black-bespoke-media-wall/black-bespoke-media-wall-angled-view-04.webp,/images/gallery/g04/g04-04-black-bespoke-media-wall-angled-view.webp,Black bespoke media wall angled view,0277ab1852fb1ae40b31171e416aafbd7f3bffdfee3c5f7424cb17c4dfcd4e65
G04,5,Bespoke Floating TV Units in Grey & Black,,/images/gallery/dubai-bespoke-tv-unit/dubai-bespoke-tv-unit-front-view-01.webp,/images/gallery/g04/g04-05-light-grey-wall-mounted-bespoke-media-unit-front.webp,Light grey wall-mounted bespoke media unit front view,35d72b8239296b06e129291fc60e5f3cf35736ae1141c84b40e0f66c20f5bdcd
G04,6,Bespoke Floating TV Units in Grey & Black,,/images/gallery/dubai-bespoke-tv-unit/dubai-bespoke-tv-unit-angled-view-02.webp,/images/gallery/g04/g04-06-angled-view-of-light-grey-wall-mounted-media.webp,Angled view of light grey wall-mounted media furniture,bf7d0e51e083f79db68a4d1dedf01c734352bf070398b52de485cb2b944bedd2
G04,7,Bespoke Floating TV Units in Grey & Black,,/images/gallery/dubai-bespoke-tv-unit/dubai-bespoke-tv-unit-finish-detail-03.webp,/images/gallery/g04/g04-07-close-finish-detail-on-light-grey-bespoke-media.webp,Close finish detail on light grey bespoke media cabinetry,f89c43fd53516b5a2702fc095b5fbd3d1e1cbae82ee1bece2c9ed768930de8ca
G04,8,Bespoke Floating TV Units in Grey & Black,,/images/gallery/dubai-bespoke-tv-unit/dubai-bespoke-tv-unit-open-storage-04.webp,/images/gallery/g04/g04-08-open-concealed-storage-in-bespoke-media-unit.webp,Open concealed storage in bespoke media unit,f9b3dda463cb6c9eaadc7d879e57df2ada0964128c88220d8744f076f7056f34
G04,9,Bespoke Floating TV Units in Grey & Black,,/images/gallery/dubai-bespoke-tv-unit/dubai-bespoke-tv-unit-tall-cabinet-detail-05.webp,/images/gallery/g04/g04-09-tall-cabinet-storage-detail-within-bespoke-media-composition.webp,Tall cabinet storage detail within bespoke media composition,79e5f5c313f86a5abaf8d0c900b0701113810e680b55a55ecf679f383abad251
G06,1,Bespoke Built-In Window Seat with Drawers,London,/images/gallery/painted-built-in-window-seat-storage/painted-built-in-window-seat-storage-01.webp,/images/gallery/g06/g06-01-painted-built-in-window-seat-with-drawer-storage.webp,Painted built-in window seat with drawer storage,c21373e9e1f19ef5d4d6e562c45f01f7e27498b7b962518a9bfe8d926b260093
G06,2,Bespoke Built-In Window Seat with Drawers,London,/images/gallery/painted-built-in-window-seat-storage/built-in-window-seat-drawer-storage-open-02.webp,/images/gallery/g06/g06-02-built-in-window-seat-drawer-storage-open.webp,Built-in window seat drawer storage open,1e2ed2cd356395c5a80091de342219c76aef7267280052f21d66e68b8894233d
G06,3,Bespoke Built-In Window Seat with Drawers,London,/images/gallery/painted-built-in-window-seat-storage/made-to-measure-window-seat-storage-detail-03.webp,/images/gallery/g06/g06-03-made-to-measure-window-seat-storage-detail.webp,Made-to-measure window seat storage detail,babf2ef63aa1e0e0c927c068666b1cf8249e8cb600867894c03251da7924477a
G07,1,Soho Bespoke Fitted Shoe Cupboard,"Soho, London",/images/gallery/soho-shoe-storage-cabinet/soho-shoe-storage-cabinet-overall-view-01.webp,/images/gallery/g07/g07-01-soho-bespoke-shoe-storage-cabinet-overall-view.webp,Soho bespoke shoe-storage cabinet overall view,48c66d75bcf7c163c814eb0d3001c33aa295570efb3949681f2dff598a3b2e31
G07,2,Soho Bespoke Fitted Shoe Cupboard,"Soho, London",/images/gallery/soho-shoe-storage-cabinet/soho-shoe-storage-cabinet-angled-view-02.webp,/images/gallery/g07/g07-02-angled-view-of-soho-shoe-storage-cabinetry.webp,Angled view of Soho shoe-storage cabinetry,79b6ee12d32165bd8097f6816c14c3ba6815cb053dc04f531faecfa20551fce0
G07,3,Soho Bespoke Fitted Shoe Cupboard,"Soho, London",/images/gallery/soho-shoe-storage-cabinet/soho-shoe-storage-cabinet-led-shelf-detail-03.webp,/images/gallery/g07/g07-03-led-shelf-detail-in-soho-shoe-storage-cabinet.webp,LED shelf detail in Soho shoe-storage cabinet,46aab0f99cf1553de16b750bc5dc593fa8f4212fc2d947fb188083e68466e097
G07,4,Soho Bespoke Fitted Shoe Cupboard,"Soho, London",/images/gallery/soho-shoe-storage-cabinet/soho-shoe-storage-cabinet-illuminated-centre-detail-04.webp,/images/gallery/g07/g07-04-illuminated-centre-shelving-detail-in-soho-shoe-storage.webp,Illuminated centre shelving detail in Soho shoe-storage cabinet,d6651a6f02b56237a9ffead6a12ca6360f1931b3572ff1a8dc8642edd94fb2fe
G08,1,Bespoke Black Oak Media Wall with Brass Inlay,London,/images/gallery/black-oak-media-wall-brass-inlay/black-oak-media-wall-front-view-01.webp,/images/gallery/g08/g08-01-front-view-of-full-height-black-oak-grain.webp,Front view of full-height black oak-grain media wall with integrated television,25d14841b7622b0b554b3a7c76221760a7985a6c40731b9bebdc03754c86a81c
G08,2,Bespoke Black Oak Media Wall with Brass Inlay,London,/images/gallery/black-oak-media-wall-brass-inlay/black-oak-media-wall-room-view-02.webp,/images/gallery/g08/g08-02-black-oak-bespoke-media-wall-shown-within-a.webp,Black oak bespoke media wall shown within a bright London interior,40e09f0c88a52e1beffc53aee7cb2415a5bd40a93990beb076be529ea465f7bb
G08,3,Bespoke Black Oak Media Wall with Brass Inlay,London,/images/gallery/black-oak-media-wall-brass-inlay/black-oak-media-wall-room-view-03.webp,/images/gallery/g08/g08-03-room-view-of-dark-fitted-tv-wall-with.webp,Room view of dark fitted TV wall with open shelving and lower storage,4f1847e608ed9ac5ff923667370fc8f56a28145233277ee572eb547497a954ad
G08,4,Bespoke Black Oak Media Wall with Brass Inlay,London,/images/gallery/black-oak-media-wall-brass-inlay/black-oak-media-wall-angled-detail-04.webp,/images/gallery/g08/g08-04-angled-detail-of-dark-oak-grain-shelving-and.webp,Angled detail of dark oak-grain shelving and fitted media cabinetry,aad4d0f41c4b2b2c27a945a129e794f8d9a25b2f051702b82651b539b1409434
G08,5,Bespoke Black Oak Media Wall with Brass Inlay,London,/images/gallery/black-oak-media-wall-brass-inlay/black-oak-media-wall-tv-cabinet-detail-05.webp,/images/gallery/g08/g08-05-integrated-television-recess-and-shelving-detail-in-black.webp,Integrated television recess and shelving detail in black oak media wall,c6b487430d989e8a9296beacf42cc27c66e96f31849a0e349c45ca49f3bd847d
G08,6,Bespoke Black Oak Media Wall with Brass Inlay,London,/images/gallery/black-oak-media-wall-brass-inlay/black-oak-media-wall-brass-inlay-detail-06.webp,/images/gallery/g08/g08-06-close-up-of-black-oak-grain-and-brass.webp,Close-up of black oak grain and brass-toned inlay on media cabinet fronts,ef051b5d82ea131e0e99964ad9289a3ded84b2b6ef8349179020b974afcea5c6
G09,1,Bespoke Walnut Bookcase with Mirrored Feature,,/images/gallery/natural-walnut-bespoke-bookcase/natural-walnut-bookcase-room-view-01.webp,/images/gallery/g09/g09-01-room-view-of-natural-walnut-fitted-bookcase-with.webp,Room view of natural walnut fitted bookcase with illuminated geometric mirror feature,f8986152c6204fcac735b5a0c5345def0a27c64126ec7e3a0ca909fd1a73a269
G09,2,Bespoke Walnut Bookcase with Mirrored Feature,,/images/gallery/natural-walnut-bespoke-bookcase/natural-walnut-bookcase-angled-view-02.webp,/images/gallery/g09/g09-02-close-view-of-the-geometric-mirrored-centre-with.webp,Close view of the geometric mirrored centre with diagonal borders and integrated lighting,cb30884ade0662416d1a5164f9684789cd5144c336e2dc622e85985f55f8a2a2
G09,3,Bespoke Walnut Bookcase with Mirrored Feature,,/images/gallery/natural-walnut-bespoke-bookcase/natural-walnut-bookcase-geometric-mirror-detail-03.webp,/images/gallery/g09/g09-03-walnut-bookcase-and-illuminated-mirror-feature-beside-the.webp,Walnut bookcase and illuminated mirror feature beside the living-room sofa,e6b6c6e211a8019769f991db46d084dc6b2efd602b938e3fef137bf7bbfea190
G09,4,Bespoke Walnut Bookcase with Mirrored Feature,,/images/gallery/natural-walnut-bespoke-bookcase/natural-walnut-bookcase-full-view-04.webp,/images/gallery/g09/g09-04-full-view-of-natural-walnut-shelving-with-geometric.webp,Full view of natural walnut shelving with geometric illuminated mirror feature,59263e72783ff6f555e8f4c5f145bd5c871df7384d6472bc8d431041c8521e54
G11,1,Westminster High-Gloss Doors with Brass Inlay,"Westminster, London",/images/gallery/westminster-polished-brass-panelled-doors/westminster-brass-panelled-doors-room-view-01.jpg,/images/gallery/g11/g11-01-dining-room-view-of-westminster-bespoke-panelled-doors.jpg,Dining room view of Westminster bespoke panelled doors with polished brass lines,d1bd4221957f74d3124f088bd30a4681cf78fdbd455138d1136aa5b672c70824
G11,2,Westminster High-Gloss Doors with Brass Inlay,"Westminster, London",/images/gallery/westminster-polished-brass-panelled-doors/westminster-brass-panelled-doors-room-view-02.jpg,/images/gallery/g11/g11-02-wide-room-view-of-dark-reflective-panels-and.jpg,Wide room view of dark reflective panels and integrated doors with brass detailing,8f15656132a62525b892ded7b0ef6c0ddd8be4b8db09fc5f440a0a3981210287
G11,3,Westminster High-Gloss Doors with Brass Inlay,"Westminster, London",/images/gallery/westminster-polished-brass-panelled-doors/westminster-brass-panelled-doors-mid-detail-03.jpg,/images/gallery/g11/g11-03-mid-range-view-of-polished-brass-grid-detailing.jpg,Mid-range view of polished brass grid detailing across dark bespoke panels,b96ea3a52aeb999cdbe1ee8da94f1cb259ea7d073fa166f7f574d484946a7ead
G11,4,Westminster High-Gloss Doors with Brass Inlay,"Westminster, London",/images/gallery/westminster-polished-brass-panelled-doors/westminster-brass-panelled-doors-close-detail-04.jpg,/images/gallery/g11/g11-04-close-up-of-polished-brass-line-intersections-on.jpg,Close-up of polished brass line intersections on dark panelled doors,5bd262cfb770a41f9db787786d122b2e4b9a371096e86650fabb76a94f1db49b
G12,1,Esher Bespoke Bookcase & Fitted Storage,"Esher, Surrey",/images/gallery/alexander-james-bespoke-bookcase/alexander-james-bookcase-room-view-01.jpg,/images/gallery/g12/g12-01-full-front-view-of-the-esher-bookcase-and.jpg,Full front view of the Esher bookcase and lower cupboards,2c2bfe38f54e843c2eede6aa8bdf6733dff410c11c8da0c2cc82ab2611fe4e38
G12,2,Esher Bespoke Bookcase & Fitted Storage,"Esher, Surrey",/images/gallery/alexander-james-bespoke-bookcase/alexander-james-bookcase-front-view-02.jpg,/images/gallery/g12/g12-02-open-drawers-below-the-esher-bookcase.jpg,Open drawers below the Esher bookcase,8b0063d45d2e99a1b817211955a902968faf75d9aa95413c755eb664fa2a3a22
G12,3,Esher Bespoke Bookcase & Fitted Storage,"Esher, Surrey",/images/gallery/alexander-james-bespoke-bookcase/alexander-james-bookcase-angled-view-03.jpg,/images/gallery/g12/g12-03-shelves-and-countertop-above-the-lower-cabinetry.jpg,Shelves and countertop above the lower cabinetry,2973b32f8c8ff3d9166262b8f6bf9345baad0c511f66eeb8ce675d4735014dbc
G12,4,Esher Bespoke Bookcase & Fitted Storage,"Esher, Surrey",/images/gallery/alexander-james-bespoke-bookcase/alexander-james-bookcase-shelving-detail-04.jpg,/images/gallery/g12/g12-04-pale-cupboard-door-with-a-dark-border.jpg,Pale cupboard door with a dark border,ea463010204b7ff932df36575e4e909ba0270ef86f7b2fb86908519085904f78
G12,5,Esher Bespoke Bookcase & Fitted Storage,"Esher, Surrey",/images/gallery/alexander-james-bespoke-bookcase/alexander-james-bookcase-detail-05.jpg,/images/gallery/g12/g12-05-cupboard-interior-hinge-and-door-edge.jpg,"Cupboard interior, hinge and door edge",e28562a02463ce6c66b56adf13063b8814e43d8dffa0281bcbc6a3a2aaf5eeb8
G12,6,Esher Bespoke Bookcase & Fitted Storage,"Esher, Surrey",/images/gallery/alexander-james-bespoke-bookcase/alexander-james-bookcase-full-height-06.jpg,/images/gallery/g12/g12-06-open-drawer-with-divided-storage.jpg,Open drawer with divided storage,b49d9ba56868c0be46f01b67102aa1f862e5e95fbabb44c09b72cc0a6ecd7d81
G13,1,Bespoke Cream Media Wall with Display Niches,,/images/gallery/cream-bespoke-tv-unit/cream-bespoke-tv-unit-front-view-02.webp,/images/gallery/g13/g13-01-front-view-of-cream-bespoke-tv-unit.webp,Front view of cream bespoke TV unit,d4f710322d14b4825b672368a3cb27d29ae7060c5a43227cdf3c7502c8255992
G13,2,Bespoke Cream Media Wall with Display Niches,,/images/gallery/cream-bespoke-tv-unit/cream-bespoke-tv-unit-room-view-01.webp,/images/gallery/g13/g13-02-room-view-of-cream-bespoke-fitted-tv-unit.webp,Room view of cream bespoke fitted TV unit,aadbce1e974f351dec90eed121a8f31aef9b2e2951bd4cc73c416255dcd54b5e
G13,3,Bespoke Cream Media Wall with Display Niches,,/images/gallery/cream-bespoke-tv-unit/cream-bespoke-tv-unit-angled-view-03.webp,/images/gallery/g13/g13-03-angled-view-of-cream-bespoke-tv-unit-and.webp,Angled view of cream bespoke TV unit and shelving,55e7f2414e27d992b21f637d0d44f8398c88d882e75fc6f9579b5d4368f74b0a
G13,4,Bespoke Cream Media Wall with Display Niches,,/images/gallery/cream-bespoke-tv-unit/cream-bespoke-tv-unit-display-detail-04.webp,/images/gallery/g13/g13-04-illuminated-display-niche-detail-in-cream-media-unit.webp,Illuminated display-niche detail in cream media unit,80ab81a1dc228e9e918aa3d71e704aa5ee79a27d02c5fdda965a7b63caa93862
G13,5,Bespoke Cream Media Wall with Display Niches,,/images/gallery/cream-bespoke-tv-unit/cream-bespoke-tv-unit-side-view-05.webp,/images/gallery/g13/g13-05-side-room-view-of-cream-bespoke-media-furniture.webp,Side room view of cream bespoke media furniture,4b426568fdc4047f263115672f012b8197ebb7d5f52e2e97f7048e277dd5b2ec
G14,1,Bespoke Textured-Front Living-Room Cabinet,,/images/gallery/crocodile-front-bespoke-cabinet/crocodile-front-cabinet-room-view-01.webp,/images/gallery/g14/g14-01-room-view-of-dark-crocodile-front-bespoke-cabinet.webp,Room view of dark crocodile-front bespoke cabinet,b52405da5ade31a846885a14eb3344babd50605b13ecf5352c3ea62bae8d8f79
G14,2,Bespoke Textured-Front Living-Room Cabinet,,/images/gallery/crocodile-front-bespoke-cabinet/crocodile-front-cabinet-room-context-02.webp,/images/gallery/g14/g14-02-wider-room-context-showing-matching-dark-bespoke-cabinets.webp,Wider room context showing matching dark bespoke cabinets,c62bfe571288480f6e20552671f8d9c32811fa351529099e3be9de76d495e6b3
G14,3,Bespoke Textured-Front Living-Room Cabinet,,/images/gallery/crocodile-front-bespoke-cabinet/crocodile-front-cabinet-open-storage-03.webp,/images/gallery/g14/g14-03-open-bespoke-cabinet-showing-concealed-internal-shelving.webp,Open bespoke cabinet showing concealed internal shelving,6ce406a0b9ef6cdae2262e43f391ffa12194217bacfd696e7c83749c3047afe1
G14,4,Bespoke Textured-Front Living-Room Cabinet,,/images/gallery/crocodile-front-bespoke-cabinet/crocodile-front-cabinet-texture-detail-04.webp,/images/gallery/g14/g14-04-close-detail-of-crocodile-pattern-textured-cabinet-front.webp,Close detail of crocodile-pattern textured cabinet front,a4e55b5ec284f27c7f91ef99ba93100ffc80fdfa73b17462e74c62b36073d3d9
G14,5,Bespoke Textured-Front Living-Room Cabinet,,/images/gallery/crocodile-front-bespoke-cabinet/crocodile-front-cabinet-brass-handle-detail-05.webp,/images/gallery/g14/g14-05-brass-toned-square-handle-detail-on-textured-cabinet.webp,Brass-toned square handle detail on textured cabinet doors,7edeaa72e8080df5a571097e85d910a414d2a1ae4f8f986e4078e6978a262060
G15,1,Bespoke Dark Media Wall with Textured Panels,,/images/gallery/sc-bespoke-tv-unit/sc-bespoke-tv-unit-room-view-01.webp,/images/gallery/g15/g15-01-dark-fitted-tv-wall-with-textured-panels-open.webp,"Dark fitted TV wall with textured panels, open side shelves and lower storage",ce7692c611aa5189b02cd260428c36fef9355d712137dc11a7817f8f7f49d775
G15,2,Bespoke Dark Media Wall with Textured Panels,,/images/gallery/sc-bespoke-tv-unit/sc-bespoke-tv-unit-wide-view-02.webp,/images/gallery/g15/g15-02-wide-living-room-view-of-full-wall-bespoke.webp,Wide living-room view of full-wall bespoke media furniture,f46f785287077b7afb4675f31b081f3aac14a2d87b76a2094408f82e557173db
G15,3,Bespoke Dark Media Wall with Textured Panels,,/images/gallery/sc-bespoke-tv-unit/sc-bespoke-tv-unit-screen-view-03.webp,/images/gallery/g15/g15-03-bespoke-media-wall-with-the-television-in-use.webp,Bespoke media wall with the television in use and textured surrounding panels,02049dc5ad18dbf061f91f7735d483791a243bfd460d4c1fc237bf92780d8e4e
G15,4,Bespoke Dark Media Wall with Textured Panels,,/images/gallery/sc-bespoke-tv-unit/sc-bespoke-tv-unit-side-view-04.webp,/images/gallery/g15/g15-04-side-perspective-of-dark-media-wall-and-low.webp,Side perspective of dark media wall and low storage,294885c80a366c20bbe151a6203b965eae7edefd54dfdd73c55d506c598a0c57
G15,5,Bespoke Dark Media Wall with Textured Panels,,/images/gallery/sc-bespoke-tv-unit/sc-bespoke-tv-unit-detail-05.webp,/images/gallery/g15/g15-05-close-view-of-textured-media-panels-and-display.webp,Close view of textured media panels and display shelving,0dab9b3b6138b5f8bddd8a8e284e34af6a9e86ee9e79186f36ef89bd9164e398
G16,1,Bespoke High-Gloss Room-Divider Bookcase,,/images/gallery/sc-bespoke-bookcase/sc-bespoke-bookcase-room-view-01.webp,/images/gallery/g16/g16-01-dark-high-gloss-bookcase-forming-an-open-room.webp,Dark high-gloss bookcase forming an open room divider,fad5c35ae9ad4b5393a7c62d1ae707d8f7c97c4e7225d1534b7253d15ddfba89
G16,2,Bespoke High-Gloss Room-Divider Bookcase,,/images/gallery/sc-bespoke-bookcase/sc-bespoke-bookcase-wide-room-view-02.webp,/images/gallery/g16/g16-02-wide-room-view-showing-the-bespoke-bookcase-dividing.webp,Wide room view showing the bespoke bookcase dividing the interior,70a2b4e453f83432139161d3e47154505ff8c3a16cfac4ed1efd9b918765858d
G16,3,Bespoke High-Gloss Room-Divider Bookcase,,/images/gallery/sc-bespoke-bookcase/sc-bespoke-bookcase-angled-view-03.webp,/images/gallery/g16/g16-03-angled-view-of-the-dark-open-shelving-structure.webp,Angled view of the dark open shelving structure,223b85b4d55a1dd2e405d550f3710a0e34771d3d9ce984cd373cd0e038ba5a55
G16,4,Bespoke High-Gloss Room-Divider Bookcase,,/images/gallery/sc-bespoke-bookcase/sc-bespoke-bookcase-detail-04.webp,/images/gallery/g16/g16-04-close-detail-of-open-shelving-and-display-compartments.webp,Close detail of open shelving and display compartments,0a173ffb9c2ac2ed6921716ad9e7568c6408c97a6f9ae9b5b9e56e86675b2048
G16,5,Bespoke High-Gloss Room-Divider Bookcase,,/images/gallery/sc-bespoke-bookcase/sc-bespoke-bookcase-structure-detail-05.webp,/images/gallery/g16/g16-05-structural-detail-showing-the-repeated-shelving-grid.webp,Structural detail showing the repeated shelving grid,d85562383ca6273eea09b4495523ea1c44bdc2080e681cece50d7f3adce332a8
G16,6,Bespoke High-Gloss Room-Divider Bookcase,,/images/gallery/sc-bespoke-bookcase/sc-bespoke-bookcase-opposite-room-view-06.webp,/images/gallery/g16/g16-06-opposite-room-view-of-the-open-bespoke-bookcase.webp,Opposite room view of the open bespoke bookcase,aa4da6dca3dd3c603ccbc108385a583857d50117125f481dfff5f5ddbc47991a
G17,1,Bespoke Grey Sideboard with Metal Legs,,/images/gallery/grey-bespoke-sideboard/grey-bespoke-sideboard-front-view-01.webp,/images/gallery/g17/g17-01-front-view-of-grey-bespoke-sideboard.webp,Front view of grey bespoke sideboard,f9f1165ce5e65f54d4d809015d82ee8421de10adfd9d7da3beee75fe3ac557ea
G17,2,Bespoke Grey Sideboard with Metal Legs,,/images/gallery/grey-bespoke-sideboard/grey-bespoke-sideboard-angled-view-02.webp,/images/gallery/g17/g17-02-angled-view-of-grey-bespoke-sideboard-and-polished.webp,Angled view of grey bespoke sideboard and polished metal legs,ea7b7644ed10bf26fbc3f7300219ff6f3e7c1a636f8fa71820a84dcb619aa47d
G17,3,Bespoke Grey Sideboard with Metal Legs,,/images/gallery/grey-bespoke-sideboard/grey-bespoke-sideboard-open-storage-03.webp,/images/gallery/g17/g17-03-open-bespoke-sideboard-showing-drawers-and-concealed-storage.webp,Open bespoke sideboard showing drawers and concealed storage,811224ef57bdd61bd0bd942906ebd3a69704047d916bbcf1c17f12ed1e5e8e3a
G17,4,Bespoke Grey Sideboard with Metal Legs,,/images/gallery/grey-bespoke-sideboard/grey-bespoke-sideboard-interior-detail-04.webp,/images/gallery/g17/g17-04-interior-material-detail-inside-bespoke-sideboard.webp,Interior material detail inside bespoke sideboard,5dad6ea9edd9b5d33654a935048c48b461e9dab80036133a81d7c4e6d64fa25f
G19,1,Putney Heath Bespoke Alcove Cabinets,"Putney Heath, London",/images/gallery/putney-heath-bespoke-cabinets/putney-heath-bespoke-cabinets-pair-view-01.webp,/images/gallery/g19/g19-01-pair-of-bespoke-cabinets-framing-a-fireplace-in.webp,Pair of bespoke cabinets framing a fireplace in Putney Heath,f9da1b1087fa87b6b3537cfd808fdf592177267f634a639e024d4de49cd2708e
G19,2,Putney Heath Bespoke Alcove Cabinets,"Putney Heath, London",/images/gallery/putney-heath-bespoke-cabinets/putney-heath-bespoke-cabinets-room-view-02.webp,/images/gallery/g19/g19-02-room-context-showing-matching-tall-bespoke-cabinets.webp,Room context showing matching tall bespoke cabinets,ab47716a417d5d1f40a3851247edd24fccc30fe62a417938b0e7d42d15ad811c
G19,3,Putney Heath Bespoke Alcove Cabinets,"Putney Heath, London",/images/gallery/putney-heath-bespoke-cabinets/putney-heath-bespoke-cabinets-open-storage-03.webp,/images/gallery/g19/g19-03-open-bespoke-cabinet-showing-concealed-shelving.webp,Open bespoke cabinet showing concealed shelving,b47b6bc6c618a5ea3be35244549f0e198288d168bab5dd841e3dd10cc7827bce
G19,4,Putney Heath Bespoke Alcove Cabinets,"Putney Heath, London",/images/gallery/putney-heath-bespoke-cabinets/putney-heath-bespoke-cabinets-tv-storage-04.webp,/images/gallery/g19/g19-04-open-bespoke-cabinet-with-integrated-television-storage.webp,Open bespoke cabinet with integrated television storage,6b21b5d196583571b9efead0cfc282c25006ac0c7cf151af413be15bb97f468a
G19,5,Putney Heath Bespoke Alcove Cabinets,"Putney Heath, London",/images/gallery/putney-heath-bespoke-cabinets/putney-heath-bespoke-cabinets-detail-05.webp,/images/gallery/g19/g19-05-dark-cabinet-frame-and-brass-toned-detail.webp,Dark cabinet frame and brass-toned detail,fe93e65fe303b9d9914196823bacc96590756e7c50dbc9063ecc21b75c645b86
G19,6,Putney Heath Bespoke Alcove Cabinets,"Putney Heath, London",/images/gallery/putney-heath-bespoke-cabinets/putney-heath-bespoke-cabinets-front-detail-06.webp,/images/gallery/g19/g19-06-front-and-handle-detail-on-putney-heath-bespoke.webp,Front and handle detail on Putney Heath bespoke cabinet,bae962502954dbd1b61751767af223be75b9e370f3d041bd5d97d89dc9d3ae3b
G20,1,Highgate Bespoke Fitted Alcove Wardrobes,"Highgate, London",/images/gallery/highgate-fitted-wardrobes/highgate-fitted-wardrobes-closed-view-01.webp,/images/gallery/g20/g20-01-closed-view-of-highgate-fitted-wardrobes-around-the.webp,Closed view of Highgate fitted wardrobes around the fireplace,42c926f162820d3827063b3c6786746a9471ea8dfd73c1b2ac158bdd818e5baf
G20,2,Highgate Bespoke Fitted Alcove Wardrobes,"Highgate, London",/images/gallery/highgate-fitted-wardrobes/highgate-fitted-wardrobes-open-view-02.webp,/images/gallery/g20/g20-02-open-fitted-wardrobe-showing-hanging-and-drawer-storage.webp,Open fitted wardrobe showing hanging and drawer storage,14035e050a4711779c77dad71eaa79972f199bc768c8f51f8d97641bd0117070
G20,3,Highgate Bespoke Fitted Alcove Wardrobes,"Highgate, London",/images/gallery/highgate-fitted-wardrobes/highgate-fitted-wardrobes-storage-detail-03.webp,/images/gallery/g20/g20-03-highgate-wardrobe-internal-storage-detail.webp,Highgate wardrobe internal storage detail,1907b3d1458500ed358dc637f25e0939881a898a3dc0bfb72c35263368d61d87
G25,1,Earls Court Bespoke Floating Console & Mirror,"Earls Court, London",/images/gallery/earls-court-floating-shelf-mirror-wall/earls-court-floating-shelf-mirror-wall-view-01.webp,/images/gallery/g25/g25-01-floating-display-shelf-and-mirrored-wall-feature-in.webp,Floating display shelf and mirrored wall feature in Earls Court,415c6ef544e004223aa0e6ede099b125ebc3892db163499437749d033286c552
G27,1,Manchester Bespoke Walk-In Wardrobe & Island,Manchester,/images/gallery/manchester-walk-in-wardrobe/manchester-walk-in-wardrobe-front-view-02.webp,/images/gallery/g27/g27-01-front-view-of-manchester-walk-in-wardrobe.webp,Front view of Manchester walk-in wardrobe,396a79ac7c63e4838294f5c085dcd947ec4d58bbc55ecbeae646ad47de9511dc
G27,2,Manchester Bespoke Walk-In Wardrobe & Island,Manchester,/images/gallery/manchester-walk-in-wardrobe/manchester-walk-in-wardrobe-overall-view-01.webp,/images/gallery/g27/g27-02-full-view-of-the-manchester-dressing-island-with.webp,Full view of the Manchester dressing island with the matching dressing table behind,4ec67f32915ee5bf4cd5bd4e0525ef7f4b5f1d597b2c12680ab696aba50a7d19
G27,3,Manchester Bespoke Walk-In Wardrobe & Island,Manchester,/images/gallery/manchester-walk-in-wardrobe/manchester-walk-in-wardrobe-dressing-detail-03.webp,/images/gallery/g27/g27-03-wardrobe-and-integrated-dressing-area-detail.webp,Wardrobe and integrated dressing area detail,d0e96e6e97807e082ed72bd372414631d43f559c41361456d4b2e9ba63867069
G27,4,Manchester Bespoke Walk-In Wardrobe & Island,Manchester,/images/gallery/manchester-makeup-island-dressing-table/manchester-makeup-island-overall-view-01.webp,/images/gallery/g27/g27-04-jewellery-compartments-beneath-the-dressing-island-s-glazed.webp,Jewellery compartments beneath the dressing island's glazed top,17ae01aff80a66f99fa5d841079541a884b8ae755b669bdae70d355c82e47e79
G27,5,Manchester Bespoke Walk-In Wardrobe & Island,Manchester,/images/gallery/manchester-makeup-island-dressing-table/manchester-makeup-island-detail-02.webp,/images/gallery/g27/g27-05-divided-storage-and-dressing-accessories-beside-the-mirror.webp,Divided storage and dressing accessories beside the mirror,b6184604d9dbc106823faba638dfe777b362f840c15842ff19b7d02a63ccb6e1
G27,6,Manchester Bespoke Walk-In Wardrobe & Island,Manchester,/images/gallery/manchester-makeup-island-dressing-table/manchester-dressing-table-view-03.webp,/images/gallery/g27/g27-06-glazed-top-frame-and-pale-drawer-front-detail.webp,"Glazed top, frame and pale drawer-front detail",8737fef7bb28001a56b87cb90a33391f5e2bb701509afa2d9bc2f9173732cd24
G29,1,Virginia Water Bespoke Wine Display Cabinetry,"Virginia Water, Surrey",/images/gallery/virginia-water-wine-room/virginia-water-wine-room-overall-view-01.webp,/images/gallery/g29/g29-01-overall-view-of-virginia-water-wine-room.webp,Overall view of Virginia Water wine room,cd1a7d9ab5c7d223d6f4703c47b73fe2938891ec54d6c8c41311fefa70e87b65
G29,2,Virginia Water Bespoke Wine Display Cabinetry,"Virginia Water, Surrey",/images/gallery/virginia-water-wine-room/virginia-water-wine-room-front-detail-02.webp,/images/gallery/g29/g29-02-front-detail-of-wine-wall-and-mirrored-display.webp,Front detail of wine wall and mirrored display,d0d9f6632acd15ae37f92c26485d2c39b15c3b3f5d9856bfff949deb7bf9a7a8
G29,3,Virginia Water Bespoke Wine Display Cabinetry,"Virginia Water, Surrey",/images/gallery/virginia-water-wine-room/virginia-water-wine-room-storage-detail-03.webp,/images/gallery/g29/g29-03-bottle-storage-detail-in-virginia-water-wine-room.webp,Bottle storage detail in Virginia Water wine room,0cdbcbee6f583a9ba6dcafd5078e8f43360c42e378645929bf8155175f470c8a
G29,4,Virginia Water Bespoke Wine Display Cabinetry,"Virginia Water, Surrey",/images/gallery/virginia-water-wine-room/virginia-water-wine-room-bottle-detail-04.webp,/images/gallery/g29/g29-04-angled-bottle-display-shelves-with-illuminated-dark-patterned.webp,Angled bottle display shelves with illuminated dark patterned edges,7565e05183c80c43b77ffe04c5dbf535bcdcf909b99494bf27142566a4e3a1c1
G29,5,Virginia Water Bespoke Wine Display Cabinetry,"Virginia Water, Surrey",/images/gallery/virginia-water-wine-room/virginia-water-wine-room-rack-detail-05.webp,/images/gallery/g29/g29-05-close-wine-rack-detail.webp,Close wine rack detail,2b78e094b0091d8707b806cc591a91e0bfb0b0e53c796e566b241cc5f294c84e
G29,6,Virginia Water Bespoke Wine Display Cabinetry,"Virginia Water, Surrey",/images/gallery/virginia-water-wine-room/virginia-water-wine-room-context-view-06.webp,/images/gallery/g29/g29-06-room-context-for-virginia-water-wine-room.webp,Room context for Virginia Water wine room,df27408a18fc91d296b5b93176d2c6928ca48cb3a1bcdebe2e95e7c948cc11ce
G30,1,Fulham Bespoke Wine Cellar Joinery,"Fulham, London",/images/gallery/marias-house-wine-cellar/marias-house-wine-cellar-front-view-02.webp,/images/gallery/g30/g30-01-front-view-of-fulham-wine-cellar.webp,Front view of Fulham wine cellar,d716bd035b1c6a2239ab65a07620a553093a360bae1d14e11c6c21b536f1a756
G30,2,Fulham Bespoke Wine Cellar Joinery,"Fulham, London",/images/gallery/marias-house-wine-cellar/marias-house-wine-cellar-doorway-view-01.webp,/images/gallery/g30/g30-02-doorway-view-of-fulham-wine-cellar.webp,Doorway view of Fulham wine cellar,a3a1b5aa582c91ee4c4193a4c36c1d82c56c881523bf431a177761f698bdf2fb
G30,3,Fulham Bespoke Wine Cellar Joinery,"Fulham, London",/images/gallery/marias-house-wine-cellar/marias-house-wine-cellar-angled-view-03.webp,/images/gallery/g30/g30-03-angled-view-of-illuminated-wine-racks.webp,Angled view of illuminated wine racks,b9ea561a40f017bde564085a7ef4c855b4bdcf530593cc3b409e6d14093758e9
G30,4,Fulham Bespoke Wine Cellar Joinery,"Fulham, London",/images/gallery/marias-house-wine-cellar/marias-house-wine-cellar-storage-detail-04.webp,/images/gallery/g30/g30-04-bottle-storage-detail-in-fulham-wine-cellar.webp,Bottle storage detail in Fulham wine cellar,aa08ec2707a60f66a5e53d7e3f021a78db943a771cd71f876b2ec489c31b4d4e
G30,5,Fulham Bespoke Wine Cellar Joinery,"Fulham, London",/images/gallery/marias-house-wine-cellar/marias-house-wine-cellar-rack-detail-05.webp,/images/gallery/g30/g30-05-diamond-wine-rack-detail.webp,Diamond wine-rack detail,acb2bfbf80fdccdae9301341a54cb23159f31690956c3bf4ddbd4479a55e2e01
G31,1,Fulham Bespoke Fitted Home Office,"Fulham, London",/images/gallery/fulham-home-office/fulham-home-office-desk-view-02.webp,/images/gallery/g31/g31-01-full-front-view-of-the-fitted-fulham-desk.webp,"Full front view of the fitted Fulham desk, shelving and cupboards",ab9ec82008b04a36a05e4206a751fdd5577816ca3fed6ec9917ec3131730a0b7
G31,2,Fulham Bespoke Fitted Home Office,"Fulham, London",/images/gallery/fulham-home-office/fulham-home-office-overall-view-01.webp,/images/gallery/g31/g31-02-view-into-the-fulham-home-office-from-the.webp,View into the Fulham home office from the doorway,a15550638ff33bd7fb8e1d089d80821078b664152d0ddea322cc31664f4d16f1
G31,3,Fulham Bespoke Fitted Home Office,"Fulham, London",/images/gallery/fulham-home-office/fulham-home-office-storage-detail-03.webp,/images/gallery/g31/g31-03-full-height-storage-detail-in-fulham-home-office.webp,Full-height storage detail in Fulham home office,86e600083955025f8a8fdc2a030a203d4403e640544abac5e0e58d3015bdafe3
G31,4,Fulham Bespoke Fitted Home Office,"Fulham, London",/images/gallery/fulham-home-office/fulham-home-office-detail-04.webp,/images/gallery/g31/g31-04-textured-desk-drawer-front-small-metallic-handle-and.webp,"Textured desk drawer front, small metallic handle and fine worktop edge detail",497d3549fc495d4edc91284128e5e184a23242ea20bfd5f4c15d1dd5a34dcdf4
G32,1,Fulham Bespoke Fitted Alcove Units,"Fulham, London",/images/gallery/fulham-alcove-units/fulham-alcove-units-pair-overall-00.webp,/images/gallery/g32/g32-01-full-view-of-both-pale-fulham-alcove-units.webp,Full view of both pale Fulham alcove units around the television and fireplace,09d76b9e27aec0ffc5c32a20ec1685781b97655445ca9fabd65443877b0ec2da
G32,2,Fulham Bespoke Fitted Alcove Units,"Fulham, London",/images/gallery/fulham-alcove-units/fulham-alcove-units-room-view-01.webp,/images/gallery/g32/g32-02-right-hand-alcove-with-illuminated-shelves-and-lower.webp,Right-hand alcove with illuminated shelves and lower cupboards,d15508055c06d4a054ab07f3bf57fad7c9581e7280cf81dbecac4b9d8e219d64
G32,3,Fulham Bespoke Fitted Alcove Units,"Fulham, London",/images/gallery/fulham-alcove-units/fulham-alcove-units-front-view-02.webp,/images/gallery/g32/g32-03-left-hand-alcove-cupboards-and-open-display-shelves.webp,Left-hand alcove cupboards and open display shelves,30526dd224599b5dff752a40a81fb64bda29be0e32e6e4355c11b6a3adb959e0
G32,4,Fulham Bespoke Fitted Alcove Units,"Fulham, London",/images/gallery/fulham-alcove-units/fulham-alcove-units-detail-03.webp,/images/gallery/g32/g32-04-angled-view-of-the-left-alcove-beside-the.webp,Angled view of the left alcove beside the television and fireplace,a676b48d1e68578ed1ce85a8ec4b6b1a9bd07dc26d6050ab77abd3ef18fd67a8
G33,1,Fulham Bespoke Home Bar & Fitted Cabinetry,"Fulham, London",/images/gallery/fulham-juice-bar-joinery/fulham-juice-bar-front-view-03.webp,/images/gallery/g33/g33-01-front-view-of-fulham-juice-bar-joinery.webp,Front view of Fulham juice bar joinery,6c1aa82ea92810bfa3703826ace5f959cd285d20ab1b561e9ed27969a7d2e6cf
G33,2,Fulham Bespoke Home Bar & Fitted Cabinetry,"Fulham, London",/images/gallery/fulham-juice-bar-joinery/fulham-juice-bar-overall-view-01.webp,/images/gallery/g33/g33-02-overall-view-of-fulham-juice-bar-joinery.webp,Overall view of Fulham juice bar joinery,7508386599c3f267d2e45d38d09fa7e4612c18689d48052c6d54cc4c11ed409f
G33,3,Fulham Bespoke Home Bar & Fitted Cabinetry,"Fulham, London",/images/gallery/fulham-juice-bar-joinery/fulham-juice-bar-room-context-02.webp,/images/gallery/g33/g33-03-room-context-view-of-fulham-juice-bar.webp,Room context view of Fulham juice bar,e9ecbd8ffe76923e070a6cff4c6a8935c783ca0e64f62322eb5ba00a5238c874
G33,4,Fulham Bespoke Home Bar & Fitted Cabinetry,"Fulham, London",/images/gallery/fulham-juice-bar-joinery/fulham-juice-bar-counter-detail-04.webp,/images/gallery/g33/g33-04-countertop-and-joinery-detail.webp,Countertop and joinery detail,75f1ee64e414dfc2c90c6dad9daa56ef3ad4ace8c37b32dad44e7174772e7980
G33,5,Fulham Bespoke Home Bar & Fitted Cabinetry,"Fulham, London",/images/gallery/fulham-juice-bar-joinery/fulham-juice-bar-island-view-05.webp,/images/gallery/g33/g33-05-juice-bar-island-and-seating-view.webp,Juice bar island and seating view,6063cfbc1a86c46b7286e6e119471e7c0678b2af6a5276363b4e270a6ff81f15
G33,6,Fulham Bespoke Home Bar & Fitted Cabinetry,"Fulham, London",/images/gallery/fulham-juice-bar-joinery/fulham-juice-bar-side-cabinet-06.webp,/images/gallery/g33/g33-06-closed-side-cabinetry-in-fulham-juice-bar.webp,Closed side cabinetry in Fulham juice bar,0479f0f16d6573f5c2088539e5b555e047a1f5e2404a62721ffdc38609dfc795
G33,7,Fulham Bespoke Home Bar & Fitted Cabinetry,"Fulham, London",/images/gallery/fulham-juice-bar-joinery/fulham-juice-bar-service-detail-07.webp,/images/gallery/g33/g33-07-open-service-storage-detail-in-fulham-juice-bar.webp,Open service storage detail in Fulham juice bar,6597df203f6a095fa322047c763aec58961a7f72e1a6968f524d008dfec07aaa
G34,1,Fulham Bespoke Antique-Mirror Hallway Wardrobe,"Fulham, London",/images/gallery/fulham-antique-mirror-feature/fulham-antique-mirror-front-view-02.webp,/images/gallery/g34/g34-01-open-mirrored-hallway-wardrobe-revealing-hanging-coats-an.webp,"Open mirrored hallway wardrobe revealing hanging coats, an upper shelf and shoe storage",201a080cd813ce45b2720060041c4f63ec1a971c756ad37dddfb75d9f75d67c1
G34,2,Fulham Bespoke Antique-Mirror Hallway Wardrobe,"Fulham, London",/images/gallery/fulham-antique-mirror-feature/fulham-antique-mirror-overall-view-01.webp,/images/gallery/g34/g34-02-closed-antique-effect-mirrored-wardrobe-doors-beside-the.webp,Closed antique-effect mirrored wardrobe doors beside the staircase,55b44f75c0ab6c9ff2ea7808f562060825d57fc8971143e28f265e33d84d11fe
G34,3,Fulham Bespoke Antique-Mirror Hallway Wardrobe,"Fulham, London",/images/gallery/fulham-antique-mirror-feature/fulham-antique-mirror-angled-view-03.webp,/images/gallery/g34/g34-03-close-view-of-the-aged-mirror-surface-and.webp,Close view of the aged mirror surface and narrow dark panel divisions,4c1cc880088a56ebb4b6c8ff9eb1e873ebdb9a6c9c1128e7adefa9a3233aa126
G34,4,Fulham Bespoke Antique-Mirror Hallway Wardrobe,"Fulham, London",/images/gallery/fulham-antique-mirror-feature/fulham-antique-mirror-detail-04.webp,/images/gallery/g34/g34-04-antique-mirror-panel-detail.webp,Antique mirror panel detail,007c03b281b07307a4b5eead55fa648749a655d23ab182620c6a7247c66b66ec
G34,5,Fulham Bespoke Antique-Mirror Hallway Wardrobe,"Fulham, London",/images/gallery/fulham-antique-mirror-feature/fulham-antique-mirror-context-view-05.webp,/images/gallery/g34/g34-05-room-context-view-of-fulham-antique-mirror-feature.webp,Room context view of Fulham antique mirror feature,9870f1e2083e157e2a3aa80bb3473ac4bfd17a9ce87951a0f49ebf3e415dd22b
G45,1,Esher Bespoke Illuminated Alcove Cupboards,"Esher, Surrey",/images/gallery/8-leys-road-alcove-units/8-leys-road-alcove-units-front-view-03.webp,/images/gallery/g45/g45-01-full-view-of-the-illuminated-alcove-pair-beside.webp,Full view of the illuminated alcove pair beside the fireplace in the rooflit living room,72458dc4a7a0548830cbcd42f93142f091059d4aeab4c60902217a0a61353be6
G45,2,Esher Bespoke Illuminated Alcove Cupboards,"Esher, Surrey",/images/gallery/8-leys-road-alcove-units/8-leys-road-alcove-units-overall-view-01.webp,/images/gallery/g45/g45-02-wide-living-room-view-of-the-paired-fitted.webp,Wide living-room view of the paired fitted alcoves,7a548b2bde934f6a150dee3953a8232df8f38e082e14b4041e8eaf7964f8dedd
G45,3,Esher Bespoke Illuminated Alcove Cupboards,"Esher, Surrey",/images/gallery/8-leys-road-alcove-units/8-leys-road-alcove-units-angled-view-02.webp,/images/gallery/g45/g45-03-angled-view-of-the-illuminated-alcoves-and-fireplace.webp,Angled view of the illuminated alcoves and fireplace,6f46cea6c207ba635468c69c55092c26a3add6878dd6aeac637427cd5dfe650f
G45,4,Esher Bespoke Illuminated Alcove Cupboards,"Esher, Surrey",/images/gallery/8-leys-road-alcove-units/8-leys-road-alcove-units-detail-04.webp,/images/gallery/g45/g45-04-right-hand-alcove-with-illuminated-shelves-and-lower.webp,Right-hand alcove with illuminated shelves and lower cupboards,26bb5d08e851eb9789a1321c82702ca5bcfc01954a8155e46a1f6facb3ed4bbd
G45,5,Esher Bespoke Illuminated Alcove Cupboards,"Esher, Surrey",/images/gallery/8-leys-road-alcove-units/8-leys-road-alcove-units-detail-05.webp,/images/gallery/g45/g45-05-closer-view-of-the-right-hand-alcove-beside.webp,Closer view of the right-hand alcove beside the fireplace,23f2460e5aebdc6bcca4efeb6a007631f95c73d736d03a21fc86987d5ceb3769
G45,6,Esher Bespoke Illuminated Alcove Cupboards,"Esher, Surrey",/images/gallery/8-leys-road-home-office/8-leys-home-office-detail-06.webp,/images/gallery/g45/g45-06-dark-alcove-shelf-cabinet-edge-and-decorative-bowl.webp,"Dark alcove shelf, cabinet edge and decorative bowl detail",cbce269e2f8ac26580ab4d7a302cf6238ac684873b15e6b69bc2dd31c1d82e6c
G47,1,Bespoke Fitted Media Wall with Display Shelves,,/images/gallery/bespoke-media-wall-display-shelving/bespoke-media-wall-front-view-10.webp,/images/gallery/g47/g47-01-front-view-of-bespoke-media-wall-with-display.webp,Front view of bespoke media wall with display shelving,a9d78ace0fbe6fd3520e550b51c465dbe6cd086d8621ce5489665383647759c4
G47,2,Bespoke Fitted Media Wall with Display Shelves,,/images/gallery/bespoke-media-wall-display-shelving/bespoke-media-wall-overall-view-01.webp,/images/gallery/g47/g47-02-overall-view-of-bespoke-media-wall.webp,Overall view of bespoke media wall,fa057db5736c5619f4b146d92b624ab0b87b1fffe29f2d16156e606f5749997b
G47,3,Bespoke Fitted Media Wall with Display Shelves,,/images/gallery/bespoke-media-wall-display-shelving/bespoke-media-wall-angled-view-02.webp,/images/gallery/g47/g47-03-angled-room-view-of-fitted-media-wall.webp,Angled room view of fitted media wall,077365311d4599ea61a6c11c4d526ccf3e2c7abc319e45de6310adf4e5db94a4
G47,4,Bespoke Fitted Media Wall with Display Shelves,,/images/gallery/bespoke-media-wall-display-shelving/bespoke-media-wall-shelving-view-03.webp,/images/gallery/g47/g47-04-display-shelving-beside-integrated-television.webp,Display shelving beside integrated television,340b9a465bdc4838237a94b31cd72578b2bc8b3e6298bde66f313439d8c715b2
G47,5,Bespoke Fitted Media Wall with Display Shelves,,/images/gallery/bespoke-media-wall-display-shelving/bespoke-media-wall-shelf-lighting-04.webp,/images/gallery/g47/g47-05-illuminated-display-shelving-detail.webp,Illuminated display shelving detail,ad90cad2aefcdaea48ac1f09da13066624c1d87c25d32e3e88fca891b3dc114c
G47,6,Bespoke Fitted Media Wall with Display Shelves,,/images/gallery/bespoke-media-wall-display-shelving/bespoke-media-wall-side-view-05.webp,/images/gallery/g47/g47-06-side-view-of-full-height-media-wall.webp,Side view of full-height media wall,08f1fa446332845878fdf885a86770cf39d8f242bea61f4e1216df5ca91d428b
G47,7,Bespoke Fitted Media Wall with Display Shelves,,/images/gallery/bespoke-media-wall-display-shelving/bespoke-media-wall-storage-detail-06.webp,/images/gallery/g47/g47-07-open-lower-storage-detail-beneath-media-wall.webp,Open lower storage detail beneath media wall,88fc8eac1785982b878e060103d04e49fc3d5c7a9c2dcd087a45bccd2638179d
G47,8,Bespoke Fitted Media Wall with Display Shelves,,/images/gallery/bespoke-media-wall-display-shelving/bespoke-media-wall-shelf-edge-07.webp,/images/gallery/g47/g47-08-display-shelf-edge-detail.webp,Display shelf edge detail,d4a3584d09e49ae2c8c894c7729a3dcc4428977ee0a5376de89c1ec01af09cc7
G47,9,Bespoke Fitted Media Wall with Display Shelves,,/images/gallery/bespoke-media-wall-display-shelving/bespoke-media-wall-lighting-detail-08.webp,/images/gallery/g47/g47-09-integrated-shelf-lighting-detail.webp,Integrated shelf lighting detail,0f47ce1d30ef493c54bd9f0a09663e462a51a70970195cf8e564c73bf02f5f4a
G47,10,Bespoke Fitted Media Wall with Display Shelves,,/images/gallery/bespoke-media-wall-display-shelving/bespoke-media-wall-junction-detail-09.webp,/images/gallery/g47/g47-10-frame-and-panel-junction-detail.webp,Frame and panel junction detail,99c99e8a45f8a030b607b2d9436c51972d1b58b3c00199c440e29de98f821d09
G47,11,Bespoke Fitted Media Wall with Display Shelves,,/images/gallery/bespoke-media-wall-display-shelving/bespoke-media-wall-tv-surround-11.webp,/images/gallery/g47/g47-11-integrated-television-surround-detail.webp,Integrated television surround detail,6ca9548dfabe5a64aa3d3fbfaff2bc882ac5a08ae299ebb1f667f9480fdbb450
G48,1,Bespoke TV Wall with Mirrored Display Shelves,,/images/gallery/stourcliff-bespoke-media-wall/stourcliff-media-wall-front-view-02.webp,/images/gallery/g48/g48-01-front-view-of-bespoke-media-wall.webp,Front view of bespoke media wall,c5728153d246388f10b78b4f3ac761f01d7f4e331c02ab67b62ac2b728c2393c
G48,2,Bespoke TV Wall with Mirrored Display Shelves,,/images/gallery/stourcliff-bespoke-media-wall/stourcliff-media-wall-overall-view-01.webp,/images/gallery/g48/g48-02-overall-living-room-view-of-bespoke-media-wall.webp,Overall living room view of bespoke media wall,cb6a4edbeed6084d6ef5fa395b6ed219d760dc9e0fc65b2c9094e2710b71b021
G48,3,Bespoke TV Wall with Mirrored Display Shelves,,/images/gallery/stourcliff-bespoke-media-wall/stourcliff-media-wall-display-detail-03.webp,/images/gallery/g48/g48-03-media-wall-display-and-television-surround-detail.webp,Media wall display and television surround detail,56365ee8a58f9bda53fd00b42666d7e964eaba27c61470bde9645e396a5ab5f5
G48,4,Bespoke TV Wall with Mirrored Display Shelves,,/images/gallery/stourcliff-bespoke-media-wall/stourcliff-media-wall-cabinet-detail-04.webp,/images/gallery/g48/g48-04-reflective-display-cabinetry-detail.webp,Reflective display cabinetry detail,e282f9eacdf646257e87d81c2569ec83f9f3835d3bbd6b878ba57340a0a67344
G48,5,Bespoke TV Wall with Mirrored Display Shelves,,/images/gallery/stourcliff-bespoke-media-wall/stourcliff-media-wall-drawer-detail-05.webp,/images/gallery/g48/g48-05-lower-drawer-and-cabinet-detail.webp,Lower drawer and cabinet detail,09adc4188abe211552151672bb73d7e495ccbe2ebdb606bcd2b30e91b3dc7f40
G48,6,Bespoke TV Wall with Mirrored Display Shelves,,/images/gallery/stourcliff-bespoke-media-wall/stourcliff-media-wall-junction-detail-06.webp,/images/gallery/g48/g48-06-cabinet-and-panel-junction-detail.webp,Cabinet and panel junction detail,db2184c4bcd69a716874cb2ca70d65a314f02a27d248650671ef13aea20921ca
G49,1,Bespoke Mirrored Fitted Bedroom Wardrobes,,/images/gallery/stourcliff-mirrored-wardrobes/stourcliff-mirrored-wardrobes-front-02.webp,/images/gallery/g49/g49-01-front-view-of-mirrored-wardrobes.webp,Front view of mirrored wardrobes,c8763220e48da60f3bab7bdf9465cb307584765afe96c65a148911b62f46b0f4
G49,2,Bespoke Mirrored Fitted Bedroom Wardrobes,,/images/gallery/stourcliff-mirrored-wardrobes/stourcliff-mirrored-wardrobes-overall-01.webp,/images/gallery/g49/g49-02-overall-view-of-full-height-mirrored-wardrobes.webp,Overall view of full-height mirrored wardrobes,d411e7a025a1c154abc1d369edda1a541bf82ff5ed6d6327fc3942393f1bb93c
G49,3,Bespoke Mirrored Fitted Bedroom Wardrobes,,/images/gallery/stourcliff-mirrored-wardrobes/stourcliff-mirrored-wardrobes-door-detail-03.webp,/images/gallery/g49/g49-03-mirrored-wardrobe-door-detail.webp,Mirrored wardrobe door detail,7d5f7897ed2137ca8eebb992e19903c628ed68c15109d81b73b87d4f7b8623be
G49,4,Bespoke Mirrored Fitted Bedroom Wardrobes,,/images/gallery/stourcliff-mirrored-wardrobes/stourcliff-mirrored-wardrobes-junction-04.webp,/images/gallery/g49/g49-04-full-front-view-of-fitted-wardrobes-with-mirrored.webp,Full front view of fitted wardrobes with mirrored centre doors and pale outer panels,21f0d2a36bc8cff852899240820f54a2e32d6f2f78a902a5a550f57ba959c6b3
G49,5,Bespoke Mirrored Fitted Bedroom Wardrobes,,/images/gallery/stourcliff-mirrored-wardrobes/stourcliff-mirrored-wardrobes-detail-05.webp,/images/gallery/g49/g49-05-coordinating-bedside-table-beside-the-upholstered-headboard.webp,Coordinating bedside table beside the upholstered headboard,3572e387a6725d70196094a9e03b85c6021dbba1300a4a5f59bda2c21a476835
G50,1,Bespoke Fitted Dressing Table with Drawers,,/images/gallery/stourcliff-dressing-table/stourcliff-dressing-table-front-02.webp,/images/gallery/g50/g50-01-front-view-of-dressing-table.webp,Front view of dressing table,dba27662e2d876e98d2e5c0cd98e551529a98cdb5535cbfb683b7883f14d46f5
G50,2,Bespoke Fitted Dressing Table with Drawers,,/images/gallery/stourcliff-dressing-table/stourcliff-dressing-table-overall-01.webp,/images/gallery/g50/g50-02-overall-view-of-fitted-dressing-table.webp,Overall view of fitted dressing table,d025655e9af17bcaef8c18d98407bfc8474dde4c1571894c9344cecafdfc9aad
G50,3,Bespoke Fitted Dressing Table with Drawers,,/images/gallery/stourcliff-dressing-table/stourcliff-dressing-table-detail-03.webp,/images/gallery/g50/g50-03-dressing-table-drawer-and-joinery-detail.webp,Dressing table drawer and joinery detail,bab93687981d4e1fb831993839d6880ce7ac60d5a2d0c9c310617229cfd7609f
G51,1,Bespoke Fitted Wardrobe & Pull-Out Shoe Storage,,/images/gallery/stourcliff-fitted-wardrobe-shoe-storage/stourcliff-wardrobe-storage-overall-01.webp,/images/gallery/g51/g51-01-closed-doors-on-the-full-height-fitted-wardrobe.webp,Closed doors on the full-height fitted wardrobe,0493eed7568731e7a6e21605f90556f70ee55fb77e0668a37b07e386499371dd
G51,2,Bespoke Fitted Wardrobe & Pull-Out Shoe Storage,,/images/gallery/stourcliff-fitted-wardrobe-shoe-storage/stourcliff-wardrobe-storage-front-02.webp,/images/gallery/g51/g51-02-open-wardrobe-doors-showing-fitted-shelves-and-drawers.webp,Open wardrobe doors showing fitted shelves and drawers,095c06e2c677260ac92be11f25520ae0620ed4bf5214de01f70ae237d0a42783
G51,3,Bespoke Fitted Wardrobe & Pull-Out Shoe Storage,,/images/gallery/stourcliff-fitted-wardrobe-shoe-storage/stourcliff-wardrobe-shoe-storage-03.webp,/images/gallery/g51/g51-03-open-shoe-cupboard-beneath-the-window.webp,Open shoe cupboard beneath the window,84261f902aef17fb3d4b385009f56abd56609a0e1948e3853a6eeebab000511d
G51,4,Bespoke Fitted Wardrobe & Pull-Out Shoe Storage,,/images/gallery/stourcliff-fitted-wardrobe-shoe-storage/stourcliff-wardrobe-open-storage-04.webp,/images/gallery/g51/g51-04-pull-out-shoe-shelves-inside-the-fitted-cupboard.webp,Pull-out shoe shelves inside the fitted cupboard,bad8496211cc21377cec690a93fbb63d1bab60ff773e174e54bdc2c6bb4cd98f
G51,5,Bespoke Fitted Wardrobe & Pull-Out Shoe Storage,,/images/gallery/stourcliff-fitted-wardrobe-shoe-storage/stourcliff-wardrobe-junction-05.webp,/images/gallery/g51/g51-05-close-view-of-the-shoe-shelves-and-cabinet.webp,Close view of the shoe shelves and cabinet hinge,b80938fdd2e101af9aba44e88531f85385b3713c6fbf38cef825986bf4454ac4
G52,1,Bespoke Floating Bathroom Vanity & Storage,,/images/gallery/stourcliff-bathroom-vanity-storage/stourcliff-bathroom-vanity-front-02.webp,/images/gallery/g52/g52-01-floating-bathroom-vanity-beside-the-glass-shower-enclosure.webp,Floating bathroom vanity beside the glass shower enclosure,b41d3909ce1e1e80d5b04ca3d7e3fd79257d9cb3475f930ad07142caa42630aa
G52,2,Bespoke Floating Bathroom Vanity & Storage,,/images/gallery/stourcliff-bathroom-vanity-storage/stourcliff-bathroom-vanity-overall-01.webp,/images/gallery/g52/g52-02-overall-view-of-fitted-bathroom-vanity.webp,Overall view of fitted bathroom vanity,4bcf14aac4dec524ae0fb1cb0e42227f1f8a2d5678f0e1436e79cf08cf9c500d
G52,3,Bespoke Floating Bathroom Vanity & Storage,,/images/gallery/stourcliff-bathroom-vanity-storage/stourcliff-bathroom-storage-03.webp,/images/gallery/g52/g52-03-doorway-view-of-the-dark-grain-vanity-and.webp,Doorway view of the dark grain vanity and mirrored bathroom storage,c816e3c69747d176180ca1092e750b05e7059e0b4b2a42af6d966ce458586d06
G52,4,Bespoke Floating Bathroom Vanity & Storage,,/images/gallery/stourcliff-bathroom-vanity-storage/stourcliff-bathroom-vanity-junction-04.webp,/images/gallery/g52/g52-04-front-view-of-the-wall-mounted-vanity-beneath.webp,Front view of the wall-mounted vanity beneath mirrored storage,118975ce876cc2d11605cd7244d75a5744374b9ecf483f1fcdd03813bce7d35c
G52,5,Bespoke Floating Bathroom Vanity & Storage,,/images/gallery/stourcliff-bathroom-vanity-storage/stourcliff-bathroom-cabinet-detail-05.webp,/images/gallery/g52/g52-05-close-junction-between-the-pale-counter-and-cabinet.webp,Close junction between the pale counter and cabinet front,aed3660986275d2404fb631203050b7d2a42d52492fe6d69b0fd166990586e4a
G54,1,Bespoke Radiator Cover with Decorative Grille,,/images/gallery/stourcliff-bespoke-radiator-cover/stourcliff-radiator-cover-overall-02.webp,/images/gallery/g54/g54-01-overall-view-of-bespoke-radiator-cover-beneath-window.webp,Overall view of bespoke radiator cover beneath window,73bcefd3884ed06585541053859e154e5db1c4e56d012c9efe1214a928070bc4
G54,2,Bespoke Radiator Cover with Decorative Grille,,/images/gallery/stourcliff-bespoke-radiator-cover/stourcliff-radiator-cover-detail-01.webp,/images/gallery/g54/g54-02-radiator-cover-and-integrated-window-ledge-detail.webp,Radiator cover and integrated window ledge detail,d52b0389748f8d2863a14f52f95b5c1111099757ec4a83248268dfbf4018a8ba
G55,1,Bespoke Illuminated Recessed Display Niche,,/images/gallery/stourcliff-recessed-display-niche/stourcliff-recessed-display-niche-01.webp,/images/gallery/g55/g55-01-recessed-illuminated-display-niche-with-fitted-shelving.webp,Recessed illuminated display niche with fitted shelving,753aedbd544d22965adb59608c0879e5e2fa7d49964ab5d2eeadf2eecd8c4f51
G35,1,Belgravia Bespoke Bedroom Bookcases & Storage,"Belgravia, London",/images/gallery/belgravia-kids-room-home-office-furniture/belgravia-kids-room-home-office-furniture-bed-wall-bookcases-overall-01.webp,/images/gallery/g35/g35-01-full-fitted-bed-wall-with-tall-bookcases-overhead.webp,"Full fitted bed wall with tall bookcases, overhead cupboards and bedside storage",3f9142a7b98618a0ddcfcae45425e750b67f32aadb07cfe2e294541b7cb8fd44
G35,2,Belgravia Bespoke Bedroom Bookcases & Storage,"Belgravia, London",/images/gallery/belgravia-kids-room-home-office-furniture/belgravia-kids-room-home-office-furniture-bookcase-bed-wall-angle-02.webp,/images/gallery/g35/g35-02-angled-view-of-the-bedroom-bookcases-and-cupboards.webp,Angled view of the bedroom bookcases and cupboards around the bed,aa12c451c90fe1622cc6e7b0f771ebbe5dc5b28ce625cc230e119aeb1b699e21
G35,3,Belgravia Bespoke Bedroom Bookcases & Storage,"Belgravia, London",/images/gallery/belgravia-kids-room-home-office-furniture/belgravia-kids-room-home-office-furniture-bedside-drawers-open-03.webp,/images/gallery/g35/g35-03-open-bedside-drawers-beneath-the-fitted-bedroom-bookcase.webp,Open bedside drawers beneath the fitted bedroom bookcase,3f6a47468c95dc9ba990fd6cbdd3c6c5b5f8846710a17d21838b7c6b2ca41945
G36,1,Belgravia Bespoke Floating Cloakroom Vanity,"Belgravia, London",/images/gallery/belgravia-bathroom-furniture-antique-mirror/belgravia-bathroom-furniture-antique-mirror-decorative-bowl-vanity-front-01.webp,/images/gallery/g36/g36-01-dark-floating-cloakroom-vanity-beneath-a-decorative-bowl.webp,Dark floating cloakroom vanity beneath a decorative bowl basin and patterned wall,d0a6396f47133d894412d66dd1cc3ec368f80a7de7c41a9c44d1a823a5141d86
G36,2,Belgravia Bespoke Floating Cloakroom Vanity,"Belgravia, London",/images/gallery/belgravia-bathroom-furniture-antique-mirror/belgravia-bathroom-furniture-antique-mirror-cloakroom-vanity-doorway-02.webp,/images/gallery/g36/g36-02-doorway-view-of-the-dark-cloakroom-vanity-and.webp,Doorway view of the dark cloakroom vanity and decorative basin,bbc7d57a91de8b0ddfd1f1b9e9218af2b16b559c3df64b2e2e7eb81034960fc7
G37,1,Belgravia Bespoke Walk-In Wardrobe,"Belgravia, London",/images/gallery/belgravia-walk-in-wardrobe/belgravia-walk-in-wardrobe-overall-01.webp,/images/gallery/g37/g37-01-overall-belgravia-walk-in-wardrobe-view.webp,Overall Belgravia walk-in wardrobe view,0b3ce8766b16ba2b7c17243a12ab9bde872f0b8386eb9d65dabb427809d0de09
G37,2,Belgravia Bespoke Walk-In Wardrobe,"Belgravia, London",/images/gallery/belgravia-walk-in-wardrobe/belgravia-walk-in-wardrobe-interior-02.webp,/images/gallery/g37/g37-02-glass-wardrobe-doors-with-shaped-finger-openings-and.webp,Glass wardrobe doors with shaped finger openings and illuminated accessory shelves,d06896451ee2f7af37639c4b2136b2939026f0effc7a0f12a126ff0cabcdccfc
G37,3,Belgravia Bespoke Walk-In Wardrobe,"Belgravia, London",/images/gallery/belgravia-walk-in-wardrobe/belgravia-walk-in-wardrobe-display-03.webp,/images/gallery/g37/g37-03-illuminated-wardrobe-display-storage.webp,Illuminated wardrobe display storage,b6802bbf4c8c841847d8ed84da24c5b21286181f47cd409265cd5e4084928829
G37,4,Belgravia Bespoke Walk-In Wardrobe,"Belgravia, London",/images/gallery/belgravia-walk-in-wardrobe/belgravia-walk-in-wardrobe-brass-inlay-04.webp,/images/gallery/g37/g37-04-recessed-metallic-fitting-at-the-edge-of-the.webp,Recessed metallic fitting at the edge of the dark wardrobe panel,c4dfd17cc43fa54710dec768ef52375e27af00e5cc3dacd376542f530dfbec81
G37,5,Belgravia Bespoke Walk-In Wardrobe,"Belgravia, London",/images/gallery/belgravia-walk-in-wardrobe/belgravia-walk-in-wardrobe-brass-detail-05.webp,/images/gallery/g37/g37-05-shaped-metallic-inset-detail-within-the-wardrobe-frontage.webp,Shaped metallic inset detail within the wardrobe frontage,350e3d064b92c803a824e816d90838703c4f5f50d53a6eed794cb144c87080c7
G37,6,Belgravia Bespoke Walk-In Wardrobe,"Belgravia, London",/images/gallery/belgravia-walk-in-wardrobe/belgravia-walk-in-wardrobe-handle-detail-06.webp,/images/gallery/g37/g37-06-integrated-cut-out-handle-detail.webp,Integrated cut-out handle detail,3042211eaaa68ec9ba5ebb3764a2bfd0c0d16dc288b3593d83dc0276436bf6fc
G38,1,Belgravia Bespoke Dining Display Cabinets,"Belgravia, London",/images/gallery/belgravia-dining-room-tv-furniture/belgravia-dining-room-tv-furniture-dining-display-front-01.webp,/images/gallery/g38/g38-01-front-view-of-illuminated-dining-display-shelves-above.webp,Front view of illuminated dining display shelves above the table,9c708ace0934b248f00c9de17d8e1d181a08eba753dda4b6450a78107887e941
G38,2,Belgravia Bespoke Dining Display Cabinets,"Belgravia, London",/images/gallery/belgravia-dining-room-tv-furniture/belgravia-dining-room-tv-furniture-dining-cabinetry-room-view-02.webp,/images/gallery/g38/g38-02-full-dining-room-view-with-tall-fitted-display.webp,Full dining-room view with tall fitted display cabinetry,ae16706218525e982ba915969fd8e6e86218114d5cb8686fe5dbb68eda6830f6
G38,3,Belgravia Bespoke Dining Display Cabinets,"Belgravia, London",/images/gallery/belgravia-dining-room-tv-furniture/belgravia-dining-room-tv-furniture-dining-storage-closed-03.webp,/images/gallery/g38/g38-03-closed-glossy-dining-storage-beside-the-table.webp,Closed glossy dining storage beside the table,9dab5171b88e04c38202388e0b9a78b8b36241688e24c76b6ab754247ae407b2
G38,4,Belgravia Bespoke Dining Display Cabinets,"Belgravia, London",/images/gallery/belgravia-dining-room-tv-furniture/belgravia-dining-room-tv-furniture-dining-storage-open-04.webp,/images/gallery/g38/g38-04-open-tall-dining-cupboard-revealing-shelves-and-stored.webp,Open tall dining cupboard revealing shelves and stored items,cb31ff12e27f801d1b07a884cb830a6d5a5c83d27001ccd34eb145556e2b4527
G38,5,Belgravia Bespoke Dining Display Cabinets,"Belgravia, London",/images/gallery/belgravia-dining-room-tv-furniture/belgravia-dining-room-tv-furniture-textured-display-panel-05.webp,/images/gallery/g38/g38-05-textured-inset-panel-within-the-dining-cabinetry.webp,Textured inset panel within the dining cabinetry,be25d23d1357ad0f22aa4064a333f42d1cfaf3cf6b6920c87908087e3421d4b3
G38,6,Belgravia Bespoke Dining Display Cabinets,"Belgravia, London",/images/gallery/belgravia-dining-room-tv-furniture/belgravia-dining-room-tv-furniture-illuminated-shelves-detail-06.webp,/images/gallery/g38/g38-06-illuminated-dining-display-shelves-beside-the-window-shutters.webp,Illuminated dining display shelves beside the window shutters,5856ea62296b68cc4c39f3c048ca2ee6de275b8c24708d57d6e0d30f2cbe3d99
G39,1,Belgravia Bespoke Bedroom TV Wall & Dressing Table,"Belgravia, London",/images/gallery/belgravia-master-bedroom-furniture/belgravia-master-bedroom-furniture-bedroom-tv-dressing-wall-01.webp,/images/gallery/g39/g39-01-overall-bedroom-tv-wall-with-glossy-cupboards-and.webp,Overall bedroom TV wall with glossy cupboards and an illuminated dressing table,1d35e0c3683887d95b51f74e8d7303b709ac4d1ef37d9c12674e6c13e19515b6
G39,2,Belgravia Bespoke Bedroom TV Wall & Dressing Table,"Belgravia, London",/images/gallery/belgravia-master-bedroom-furniture/belgravia-master-bedroom-furniture-tv-wall-room-angle-02.webp,/images/gallery/g39/g39-02-angled-room-view-of-the-tv-wall-and.webp,Angled room view of the TV wall and dressing table,8d22157a525c264391e8e97c2a17de833fc353c23b62a3c578e5a4d44fa644ad
G39,3,Belgravia Bespoke Bedroom TV Wall & Dressing Table,"Belgravia, London",/images/gallery/belgravia-master-bedroom-furniture/belgravia-master-bedroom-furniture-dressing-table-open-drawer-03.webp,/images/gallery/g39/g39-03-fitted-dressing-table-with-an-open-drawer-beside.webp,Fitted dressing table with an open drawer beside the television,51a97919a26612873cc098eaa758b6f1b3786244e4f6bbbc16d3b94b1a518d32
G39,4,Belgravia Bespoke Bedroom TV Wall & Dressing Table,"Belgravia, London",/images/gallery/belgravia-master-bedroom-furniture/belgravia-master-bedroom-furniture-bedroom-wall-context-04.webp,/images/gallery/g39/g39-04-bedroom-view-towards-the-fitted-tv-wall-and.webp,Bedroom view towards the fitted TV wall and dressing area,369a746101ef6e2a7b427267a7a20968e34b329d19a7ef5ed5ee64fe374e4160
G39,5,Belgravia Bespoke Bedroom TV Wall & Dressing Table,"Belgravia, London",/images/gallery/belgravia-master-bedroom-furniture/belgravia-master-bedroom-furniture-dressing-stool-space-05.webp,/images/gallery/g39/g39-05-stool-tucked-beneath-the-fitted-dressing-table.webp,Stool tucked beneath the fitted dressing table,4987933cbe8d6ffa4a45bb55e006b5e5855f930f92b75400e50a69a545cb683c
G41,1,Esher Bespoke Dark Walk-In Wardrobe,"Esher, Surrey",/images/gallery/esher-luxury-residence-walk-in-wardrobe/esher-luxury-residence-walk-in-wardrobe-dark-walk-in-wardrobe-overall-01.webp,/images/gallery/g41/g41-01-overall-view-of-the-dark-fitted-walk-in.webp,Overall view of the dark fitted walk-in wardrobe at the Esher residence,c2f06480927c4fc8d13d221f731a7ae50d1bc3da36792e43664d3568fa40cceb
G41,2,Esher Bespoke Dark Walk-In Wardrobe,"Esher, Surrey",/images/gallery/esher-luxury-residence-walk-in-wardrobe/esher-luxury-residence-walk-in-wardrobe-dark-wardrobe-interior-02.webp,/images/gallery/g41/g41-02-dark-walk-in-wardrobe-showing-open-hanging-and.webp,Dark walk-in wardrobe showing open hanging and shelf storage,4a4c692f21cd6191987bf2263ba9b8567b7f62e5c1787fae3483eb295c7b52af
G41,3,Esher Bespoke Dark Walk-In Wardrobe,"Esher, Surrey",/images/gallery/esher-luxury-residence-walk-in-wardrobe/esher-luxury-residence-walk-in-wardrobe-wardrobe-handle-panel-detail-03.webp,/images/gallery/g41/g41-03-close-detail-of-the-wardrobe-handle-and-surrounding.webp,Close detail of the wardrobe handle and surrounding dark panel,0533b4c2d64a3e94f2290334d06e88da16c92bd60c5d5a0ad8901179e336035e
G41,4,Esher Bespoke Dark Walk-In Wardrobe,"Esher, Surrey",/images/gallery/esher-luxury-residence-walk-in-wardrobe/esher-luxury-residence-walk-in-wardrobe-wardrobe-hardware-detail-04.webp,/images/gallery/g41/g41-04-metallic-fitting-detail-on-the-dark-wardrobe-cabinetry.webp,Metallic fitting detail on the dark wardrobe cabinetry,b17abb1710c8a486c0ee7efa62dfcfae2c78ba7a3c543eeece272908636754f1
G42,1,Esher Bespoke Playroom TV & Toy Storage,"Esher, Surrey",/images/gallery/8-leys-road-kids-room-tv-unit/8-leys-kids-room-tv-unit-overall-01.webp,/images/gallery/g42/g42-01-overall-view-of-esher-kids-room-tv-unit.webp,Overall view of Esher kids-room TV unit,b8f95fe7c536cec2e1661a49ea98a44b44ab95f71ccad2685fc0ad64c05ed8df
G42,2,Esher Bespoke Playroom TV & Toy Storage,"Esher, Surrey",/images/gallery/8-leys-road-kids-room-tv-unit/8-leys-kids-room-tv-unit-detail-02.webp,/images/gallery/g42/g42-02-angled-view-of-the-fitted-playroom-tv-cabinet.webp,Angled view of the fitted playroom TV cabinet and low toy compartments,5f83bab69acd4af35fde3e6db935d6f17f22c84f4588b79d8311df6f7721a718
G42,3,Esher Bespoke Playroom TV & Toy Storage,"Esher, Surrey",/images/gallery/8-leys-road-kids-room-tv-unit/8-leys-kids-room-tv-unit-cabinetry-03.webp,/images/gallery/g42/g42-03-close-detail-of-the-dark-textured-cabinet-edge.webp,Close detail of the dark textured cabinet edge beside a display shelf,959d763ced3f52876ae50b7a8feb8c76f5b393f0839de95cd875a748ab5538aa
G43,1,Esher Bespoke Home Office & Library Joinery,"Esher, Surrey",/images/gallery/8-leys-road-home-office/8-leys-home-office-overall-01.webp,/images/gallery/g43/g43-01-overall-view-of-esher-home-office.webp,Overall view of Esher home office,239c34b8d4ba8b7a76301376e58aa3ff3cd861d4071725cdc214c316f9193a93
G43,2,Esher Bespoke Home Office & Library Joinery,"Esher, Surrey",/images/gallery/8-leys-road-home-office/8-leys-home-office-cabinetry-02.webp,/images/gallery/g43/g43-02-home-office-fitted-shelving-and-cabinetry.webp,Home-office fitted shelving and cabinetry,4a17d13678153229e34980e63e23c46f5a8df49d59840571ba7b84894f998847
G43,3,Esher Bespoke Home Office & Library Joinery,"Esher, Surrey",/images/gallery/8-leys-road-home-office/8-leys-home-office-brass-detail-03.webp,/images/gallery/g43/g43-03-illuminated-display-shelving-and-lower-cupboard-detail-in.webp,Illuminated display shelving and lower cupboard detail in the home office,3d3e1953411f908cb5e7dd969f8a0b9541f30bc8a1e08de83997de3bff4e3428
G43,4,Esher Bespoke Home Office & Library Joinery,"Esher, Surrey",/images/gallery/8-leys-road-alcove-units/8-leys-road-alcove-units-third-room-08.webp,/images/gallery/g43/g43-04-home-office-seating-area-with-illuminated-alcoves-beside.webp,Home-office seating area with illuminated alcoves beside the television and fireplace,8de507bce0a082eaa46b4aa54df1b0ecb96fdf5daa6d3901b59d0d7207489261
G43,5,Esher Bespoke Home Office & Library Joinery,"Esher, Surrey",/images/gallery/8-leys-road-alcove-units/8-leys-road-alcove-units-third-room-front-09.webp,/images/gallery/g43/g43-05-full-front-view-of-the-home-office-alcoves.webp,"Full front view of the home-office alcoves, fireplace and surrounding wall panelling",03523c58f47a606a6a4e18fc6151562efc35dd8026d6bfcaa13e0f47e29cd10a
G44,1,Esher Bespoke Bookcase with Leather & Brass,"Esher, Surrey",/images/gallery/8-leys-road-bookcase-leather-brass/8-leys-bookcase-overall-01.webp,/images/gallery/g44/g44-01-overall-view-of-esher-bespoke-bookcase.webp,Overall view of Esher bespoke bookcase,9695bc5b908f889f3680c4f2ee91f7d320ef417783a19d4ec9cdb6930cb1ee96
G44,2,Esher Bespoke Bookcase with Leather & Brass,"Esher, Surrey",/images/gallery/8-leys-road-bookcase-leather-brass/8-leys-bookcase-detail-02.webp,/images/gallery/g44/g44-02-full-width-fitted-display-bookcase-with-lighting-beside.webp,Full-width fitted display bookcase with lighting beside a grand piano,7c4ea3657623717e1a851515e91f4d086a7cbe56021e0d58c0c7cbe8084159a7
G44,3,Esher Bespoke Bookcase with Leather & Brass,"Esher, Surrey",/images/gallery/8-leys-road-bookcase-leather-brass/8-leys-bookcase-leather-led-03.webp,/images/gallery/g44/g44-03-leather-and-illuminated-shelf-detail.webp,Leather and illuminated shelf detail,9941709148cdfceae00a33251b80975e2df67d3d36efacea5f1f88e2eadfec45
G44,4,Esher Bespoke Bookcase with Leather & Brass,"Esher, Surrey",/images/gallery/8-leys-road-bookcase-leather-brass/8-leys-bookcase-leather-led-04.webp,/images/gallery/g44/g44-04-leather-and-brass-bookcase-detail.webp,Leather and brass bookcase detail,858c1487526f04894997d943b6ae44b37d92010d6a5155ae603c1ab112b4b430
G44,5,Esher Bespoke Bookcase with Leather & Brass,"Esher, Surrey",/images/gallery/8-leys-road-home-office/8-leys-home-office-brass-inlay-04.webp,/images/gallery/g44/g44-05-lower-bookcase-cabinet-with-brass-trimmed-fronts-beneath.webp,Lower bookcase cabinet with brass-trimmed fronts beneath the display shelf,da4631c828a74e856a51f70ef14b9bd0dda46e4986bd25d5708c61b5f698db8c
G56,1,Esher Bespoke Wine Room & Display Cabinetry,"Esher, Surrey",/images/gallery/8-leys-road-wine-cellar/8-leys-wine-cellar-overall-01.webp,/images/gallery/g56/g56-01-overall-view-of-esher-wine-cellar.webp,Overall view of Esher wine cellar,ab1b7c2ec3b8dfa6eaafbe016ada0881042de89df9eefdaa63adfcc17be59fc1
G56,2,Esher Bespoke Wine Room & Display Cabinetry,"Esher, Surrey",/images/gallery/8-leys-road-wine-cellar/8-leys-wine-cellar-interior-02.webp,/images/gallery/g56/g56-02-wine-cellar-interior-with-fitted-bottle-storage.webp,Wine cellar interior with fitted bottle storage,10f2f9ad6f282d6b82d765240b2d4b55bf38a92e4a2621a9fe13f84b7e6baf5c
G57,1,Bespoke White Fitted Library Bookcase,,/images/gallery/full-wall-white-library-bookcase/full-wall-white-library-bookcase-overall-01.webp,/images/gallery/g57/g57-01-full-wall-white-bookcase-behind-the-sitting-room.webp,Full-wall white bookcase behind the sitting-room sofa,9c7cef4c115ae15a187ea82745c01d4b6ac068bb103de6657f1889e7d12ace9c
G57,2,Bespoke White Fitted Library Bookcase,,/images/gallery/full-wall-white-library-bookcase/full-wall-white-library-bookcase-room-02.webp,/images/gallery/g57/g57-02-wider-sitting-room-view-showing-the-fitted-white.webp,Wider sitting-room view showing the fitted white library wall,9b8dbc59b79bd4d900ca0d91741ca4d622d89b1d0c498579bd0daab35361cedd
G57,3,Bespoke White Fitted Library Bookcase,,/images/gallery/full-wall-white-library-bookcase/full-wall-white-library-bookcase-storage-04.webp,/images/gallery/g57/g57-03-open-lower-storage-compartments-beneath-the-library-shelves.webp,Open lower storage compartments beneath the library shelves,fc3cedac869bec27b87d0b792e0c05cf5f9b3d0368683fc23f58eef2789f4ec4
G57,4,Bespoke White Fitted Library Bookcase,,/images/gallery/full-wall-white-library-bookcase/full-wall-white-library-bookcase-room-05.webp,/images/gallery/g57/g57-04-angled-view-of-the-bookcase-shelves-and-low.webp,Angled view of the bookcase shelves and low-level storage,b03581a11245ebd3364abaee18cb33228eeaf6f977d195512f2d9b4abfc6d8e8
G58,1,Esher Bespoke Bathroom Vanity with Mirrored Doors,"Esher, Surrey",/images/gallery/esher-luxury-residence-bathroom-vanity-mirror/esher-bathroom-vanity-mirror-overall-01.webp,/images/gallery/g58/g58-01-full-view-of-the-esher-vanity-bowl-basin.webp,"Full view of the Esher vanity, bowl basin and large segmented mirror",60787a462657c3118441ba71d064454338ce0441a01bbfe32ed60c41887054a3
G58,2,Esher Bespoke Bathroom Vanity with Mirrored Doors,"Esher, Surrey",/images/gallery/esher-luxury-residence-bathroom-vanity-mirror/esher-bathroom-vanity-mirror-overall-02.webp,/images/gallery/g58/g58-02-angled-view-of-the-pale-vanity-cabinetry-beneath.webp,Angled view of the pale vanity cabinetry beneath the veined counter,bd8c4a5cfb94ea4e996c127f27ca10cb6188504e5532356f66a4b4092052be6b
G58,3,Esher Bespoke Bathroom Vanity with Mirrored Doors,"Esher, Surrey",/images/gallery/esher-luxury-residence-bathroom-vanity-mirror/esher-bathroom-vanity-mirror-detail-03.webp,/images/gallery/g58/g58-03-close-view-of-the-bowl-basin-and-decorative.webp,Close view of the bowl basin and decorative vanity door fronts,5dc8d13711c9f8a56e9ac5f91d8d2f7f43bf26cd6d535d6d4f78974244859840
G59,1,Bespoke Traditional Radiator Covers & Bookcases,,/images/gallery/traditional-radiator-covers-fitted-shelving/traditional-radiator-covers-shelving-window-03.webp,/images/gallery/g59/g59-01-full-front-view-of-a-white-radiator-cover.webp,Full front view of a white radiator cover beneath a decorative mirror,4d15c7d02cf3c4118de6615bd0b7a17a3d932829a32c0195400a83b36c6c6e5d
G59,2,Bespoke Traditional Radiator Covers & Bookcases,,/images/gallery/traditional-radiator-covers-fitted-shelving/traditional-radiator-covers-shelving-overall-01.webp,/images/gallery/g59/g59-02-sitting-room-view-with-white-fitted-shelving-and.webp,Sitting-room view with white fitted shelving and radiator-cover joinery,d9f582fd3305eae7dccbd4224c1a558d0f8c9247ac8ba84052189aebef618e42
G59,3,Bespoke Traditional Radiator Covers & Bookcases,,/images/gallery/traditional-radiator-covers-fitted-shelving/traditional-radiator-covers-shelving-overall-02.webp,/images/gallery/g59/g59-03-wider-living-room-view-showing-shelving-fireplace-and.webp,"Wider living-room view showing shelving, fireplace and fitted room details",c1b2787046bcd35fa7b4b3fe8d4e772f87ccc70b84f201a6709951d5e82d371e
G59,4,Bespoke Traditional Radiator Covers & Bookcases,,/images/gallery/traditional-radiator-covers-fitted-shelving/traditional-radiator-covers-shelving-detail-04.webp,/images/gallery/g59/g59-04-angled-view-of-the-radiator-cover-grille-beside.webp,Angled view of the radiator-cover grille beside the curtains,53b8b519597258d483987a47f7f9bf0c8b141f074b4bb4a48cc8b681d831a9ee
G59,5,Bespoke Traditional Radiator Covers & Bookcases,,/images/gallery/traditional-radiator-covers-fitted-shelving/traditional-radiator-covers-shelving-detail-05.webp,/images/gallery/g59/g59-05-radiator-cover-joinery-beside-the-bright-bay-window.webp,Radiator-cover joinery beside the bright bay window,866867ef88d13c893ba96728037dba04ba368d06166deb10041dcc688f70363f
G60,1,Esher Bespoke Fitted Dressing Table,"Esher, Surrey",/images/gallery/esher-luxury-residence-make-up-table/esher-luxury-residence-make-up-table-overall-01.webp,/images/gallery/g60/g60-01-complete-esher-make-up-table-viewed-through-the.webp,"Complete Esher make-up table viewed through the doorway, with twin drawer units and a tall mirror",e87d1503a3b2fa2d7f27b4385b72ea4c87c5757bd8a85fb681e7033ce145f38a
G61,1,Esher Bespoke Modern Alcove Display Units,"Esher, Surrey",/images/gallery/8-leys-road-alcove-units/8-leys-road-alcove-units-second-room-06.webp,/images/gallery/g61/g61-01-full-living-room-view-of-modern-alcove-units.webp,Full living-room view of modern alcove units around the television and fireplace,1fabc8b9eb9cda5bffe3d8d0544d8b68dcbe978041575bcc348e3b64b913a2b9
G61,2,Esher Bespoke Modern Alcove Display Units,"Esher, Surrey",/images/gallery/8-leys-road-alcove-units/8-leys-road-alcove-units-second-room-detail-07.webp,/images/gallery/g61/g61-02-left-hand-modern-alcove-with-reflective-shelves-and.webp,Left-hand modern alcove with reflective shelves and projecting top detail,539064405ca17ad855494aa9af0cfc2b8805fb1857f7946e5699d3b267283fcf
G62,1,Esher Bespoke Hallway Wardrobe & Storage Bench,"Esher, Surrey",/images/gallery/esher-entrance-wardrobe-bench/esher-entrance-wardrobe-bench-closed-wardrobe-bench-01.webp,/images/gallery/g62/g62-01-closed-pale-hallway-wardrobe-beside-a-fitted-bench.webp,"Closed pale hallway wardrobe beside a fitted bench, coat hooks and open shoe shelves",0a4ffbd433eca163134e41fa75d5cd36c475b7e6fd25e0066b4c1ee5a4fc707f
G62,2,Esher Bespoke Hallway Wardrobe & Storage Bench,"Esher, Surrey",/images/gallery/esher-entrance-wardrobe-bench/esher-entrance-wardrobe-bench-open-hanging-shoe-storage-02.webp,/images/gallery/g62/g62-02-open-entrance-wardrobe-showing-hanging-rails-upper-shelves.webp,"Open entrance wardrobe showing hanging rails, upper shelves and rows of shoe storage",db773714dc70728a6e1f2c16b8eb19f9705c1b1b6d850d3022617e6690d3ecf8
G62,3,Esher Bespoke Hallway Wardrobe & Storage Bench,"Esher, Surrey",/images/gallery/esher-entrance-wardrobe-bench/esher-entrance-wardrobe-bench-hallway-doorway-view-03.webp,/images/gallery/g62/g62-03-doorway-view-towards-the-fitted-hallway-bench-and.webp,Doorway view towards the fitted hallway bench and open shelving,4032f1a81591f0e9f9d468b03c3e27da87f0df13ae2984f7f6abb2c7d777264b
G63,1,Esher Bespoke Decorative Mirrored Wardrobes,"Esher, Surrey",/images/gallery/esher-decorative-mirrored-wardrobes/esher-decorative-mirrored-wardrobes-mirrored-doors-closed-01.webp,/images/gallery/g63/g63-01-closed-mirrored-wardrobe-doors-with-pale-circular-patterns.webp,Closed mirrored wardrobe doors with pale circular patterns beside a window,7986f2d93f8de78c1b06e7e94df0afb8625515f2b8399639da6ac7e63a752c3c
G63,2,Esher Bespoke Decorative Mirrored Wardrobes,"Esher, Surrey",/images/gallery/esher-decorative-mirrored-wardrobes/esher-decorative-mirrored-wardrobes-wardrobe-doors-open-02.webp,/images/gallery/g63/g63-02-open-mirrored-wardrobe-revealing-hanging-clothes-an-upper.webp,"Open mirrored wardrobe revealing hanging clothes, an upper shelf and lower storage",5290abd4e492f0c87fb489c8618dc5cfa2cff4efd8997a70a4f096fde0adde45
G63,3,Esher Bespoke Decorative Mirrored Wardrobes,"Esher, Surrey",/images/gallery/esher-decorative-mirrored-wardrobes/esher-decorative-mirrored-wardrobes-dressing-room-shelving-03.webp,/images/gallery/g63/g63-03-dressing-room-view-showing-mirrored-wardrobes-and-open.webp,Dressing-room view showing mirrored wardrobes and open shoe shelves,e59b3227e72f8c67ec1c6ddb2cd72ba912e4def6c5ce9c70b9da1bcc6e356ce3
G63,4,Esher Bespoke Decorative Mirrored Wardrobes,"Esher, Surrey",/images/gallery/esher-decorative-mirrored-wardrobes/esher-decorative-mirrored-wardrobes-open-shoe-shelves-04.webp,/images/gallery/g63/g63-04-open-fitted-shoe-shelving-along-the-dressing-room.webp,Open fitted shoe shelving along the dressing-room passage,cf987739a1107cd27d5099834fc797fc5c8939f92bc992f4d91d47c70e7b2dfb
G63,5,Esher Bespoke Decorative Mirrored Wardrobes,"Esher, Surrey",/images/gallery/esher-decorative-mirrored-wardrobes/esher-decorative-mirrored-wardrobes-dressing-room-passage-05.webp,/images/gallery/g63/g63-05-view-along-the-passage-towards-mirrored-wardrobe-doors.webp,View along the passage towards mirrored wardrobe doors and shoe storage,c32f591b789771ef0acc63094df3870dffff183757035cba3180b8dc5bb5c0ae
G64,1,Bespoke Dining Display & Drinks Cabinet,,/images/gallery/dining-display-drinks-cabinet/dining-display-drinks-cabinet-dining-cabinet-overall-01.webp,/images/gallery/g64/g64-01-full-dining-wall-view-of-dark-display-cabinetry.webp,Full dining-wall view of dark display cabinetry behind the table,f390a5c87006e1c8acaf960ca4a7063d98ced8d99ab8c92d28c5eb5814620cb0
G64,2,Bespoke Dining Display & Drinks Cabinet,,/images/gallery/dining-display-drinks-cabinet/dining-display-drinks-cabinet-display-drinks-storage-02.webp,/images/gallery/g64/g64-02-angled-view-of-illuminated-shelves-lower-cupboards-and.webp,"Angled view of illuminated shelves, lower cupboards and glazed drinks storage",090974b0b034a897786361c35706d91f5e0d546fbcaf5df7c04aec720e77b283
G64,3,Bespoke Dining Display & Drinks Cabinet,,/images/gallery/dining-display-drinks-cabinet/dining-display-drinks-cabinet-lower-cupboard-open-03.webp,/images/gallery/g64/g64-03-open-lower-cupboard-beneath-mirrored-display-shelves.webp,Open lower cupboard beneath mirrored display shelves,99726908e90fb7b6282af45a3fa3a430b16ee7887ddbfaa710ff5c5b5bee3fe0
G64,4,Bespoke Dining Display & Drinks Cabinet,,/images/gallery/dining-display-drinks-cabinet/dining-display-drinks-cabinet-illuminated-shelf-detail-04.webp,/images/gallery/g64/g64-04-display-shelf-with-a-fine-metallic-edge-and.webp,Display shelf with a fine metallic edge and integrated lighting,cfd3657ef5d2c4bf91b70002a9008c70d29734449957aae10a24b0953e65b343
G64,5,Bespoke Dining Display & Drinks Cabinet,,/images/gallery/dining-display-drinks-cabinet/dining-display-drinks-cabinet-cabinet-handle-detail-05.webp,/images/gallery/g64/g64-05-textured-metallic-handles-on-dark-dining-cabinet-doors.webp,Textured metallic handles on dark dining cabinet doors,d49e9a5aa2af60d9e2a59a20e58af48b6f2435e2d86c3577ca4ca4dce5cfd280
G64,6,Bespoke Dining Display & Drinks Cabinet,,/images/gallery/dining-display-drinks-cabinet/dining-display-drinks-cabinet-shelf-trim-junction-06.webp,/images/gallery/g64/g64-06-fine-metallic-trim-crossing-the-cabinet-above-glazed.webp,Fine metallic trim crossing the cabinet above glazed drinks storage,2d176120de3e9fa22051ddbc296f9939bc2eb9e00ea5344f4bccd37e6c58a26c
G65,1,Bespoke Dressing Table with Lift-Up Mirror,,/images/gallery/lift-up-mirror-dressing-table/lift-up-mirror-dressing-table-dressing-table-overall-01.webp,/images/gallery/g65/g65-01-full-dressing-table-with-drawer-banks-and-a.webp,Full dressing table with drawer banks and a raised mirror beneath a rooflight,e16310c36b78a89f5cb2e0368c97c11ef3503b435ad15c593a9bc8889ff6a074
G65,2,Bespoke Dressing Table with Lift-Up Mirror,,/images/gallery/lift-up-mirror-dressing-table/lift-up-mirror-dressing-table-dressing-table-side-view-02.webp,/images/gallery/g65/g65-02-side-view-of-the-fitted-dressing-table-and.webp,Side view of the fitted dressing table and chair under the sloping ceiling,4cf0795580793624564f26afe7e81bcdd1982c5996625cd784c189503dc66279
G65,3,Bespoke Dressing Table with Lift-Up Mirror,,/images/gallery/lift-up-mirror-dressing-table/lift-up-mirror-dressing-table-lift-up-mirror-compartments-03.webp,/images/gallery/g65/g65-03-raised-dressing-table-mirror-above-divided-cosmetics-compartments.webp,Raised dressing-table mirror above divided cosmetics compartments,bdcd4ca04aa39eaf7cfb2f4c4655dcb2642b2c1f5e43d3623eae28572b70c4b9
G65,4,Bespoke Dressing Table with Lift-Up Mirror,,/images/gallery/lift-up-mirror-dressing-table/lift-up-mirror-dressing-table-organised-storage-tray-04.webp,/images/gallery/g65/g65-04-divided-dressing-table-tray-containing-cosmetics-and-brushes.webp,Divided dressing-table tray containing cosmetics and brushes,f39c5e4fd3c7169f7b115205526da3ce9f5b3713a134d80d00a0339917aa2e05
G65,5,Bespoke Dressing Table with Lift-Up Mirror,,/images/gallery/lift-up-mirror-dressing-table/lift-up-mirror-dressing-table-open-drawer-detail-05.webp,/images/gallery/g65/g65-05-open-dressing-table-drawer-beneath-a-textured-drawer.webp,Open dressing-table drawer beneath a textured drawer front,db0d0f6b5dd228bddc29cdb4667550891dfce3d02d5665ced480aedc0c5d232d
G65,6,Bespoke Dressing Table with Lift-Up Mirror,,/images/gallery/lift-up-mirror-dressing-table/lift-up-mirror-dressing-table-drawer-front-handles-06.webp,/images/gallery/g65/g65-06-textured-drawer-fronts-with-small-rounded-metallic-handles.webp,Textured drawer fronts with small rounded metallic handles,6b51f12d435c4c80a8a3211ab7d93c381f7d5f5120612ee4dda740fa00800290
G66,1,Bespoke Built-In Eaves Storage Cupboard,,/images/gallery/fitted-eaves-cupboard/fitted-eaves-cupboard-two-door-eaves-cupboard-01.webp,/images/gallery/g66/g66-01-pale-two-door-fitted-cupboard-in-the-low.webp,Pale two-door fitted cupboard in the low wall beneath a sloping ceiling,2602340e439db0118570a3d7447bcf033ed26bb291bc6ca17df5a14fa584aef7
G67,1,Bespoke Fitted Bedroom TV Cabinet,,/images/gallery/bedroom-tv-cabinet/bedroom-tv-cabinet-bedroom-tv-cabinet-overall-01.webp,/images/gallery/g67/g67-01-bedroom-tv-cabinet-beneath-a-sloping-ceiling-with.webp,Bedroom TV cabinet beneath a sloping ceiling with open shelves and pale lower cupboards,dc5e89025cb52e8c7f5304ba7d3b1bd8fc98c0fc0ab7011999722bffb1d6fb7c
G67,2,Bespoke Fitted Bedroom TV Cabinet,,/images/gallery/bedroom-tv-cabinet/bedroom-tv-cabinet-bedroom-tv-cabinet-room-view-02.webp,/images/gallery/g67/g67-02-room-view-of-the-fitted-bedroom-television-cabinet.webp,Room view of the fitted bedroom television cabinet and reflective surround,bd6e5365383a763718d7f0ae0251d9c52aaddce7e03b0e8d26634b219f3e3e21
G68,1,Bespoke Low Eaves Cabinet with Top Grille,,/images/gallery/ventilated-eaves-cabinet/ventilated-eaves-cabinet-ventilated-cabinet-rooflight-01.webp,/images/gallery/g68/g68-01-low-pale-cabinet-beneath-a-rooflight-with-framed.webp,Low pale cabinet beneath a rooflight with framed doors and a ventilation grille in the top,cbc9c9a9f94c31b00a6154c78a163c42e974548f61417207e32d21a7a09dfe2e
G69,1,Bespoke Fitted Bathroom Cupboards under Eaves,,/images/gallery/sloping-ceiling-bathroom-storage/sloping-ceiling-bathroom-storage-bathroom-cupboards-closed-01.webp,/images/gallery/g69/g69-01-dark-bathroom-cupboards-with-closed-doors-shaped-beneath.webp,Dark bathroom cupboards with closed doors shaped beneath a sloping ceiling,beae28115b4eebd6bcb3b4e139c52548f4c3e65e8bd60e37b58a9e87892fec21
G69,2,Bespoke Fitted Bathroom Cupboards under Eaves,,/images/gallery/sloping-ceiling-bathroom-storage/sloping-ceiling-bathroom-storage-bathroom-cupboards-open-02.webp,/images/gallery/g69/g69-02-open-bathroom-cupboard-doors-revealing-internal-shelving.webp,Open bathroom cupboard doors revealing internal shelving,149998dc3b637f3649f023d131b3f98e80d7e2863b74cf4a5b292eb0423b2e8d
G69,3,Bespoke Fitted Bathroom Cupboards under Eaves,,/images/gallery/sloping-ceiling-bathroom-storage/sloping-ceiling-bathroom-storage-bathroom-storage-room-view-03.webp,/images/gallery/g69/g69-03-wide-bathroom-view-of-the-fitted-cupboards-beside.webp,Wide bathroom view of the fitted cupboards beside the bath and vanity,9bd75a133f6b3e175f51882c9dcdce0f08f3ff1cf4ef3d1021e92c698c6d8b76
G69,4,Bespoke Fitted Bathroom Cupboards under Eaves,,/images/gallery/sloping-ceiling-bathroom-storage/sloping-ceiling-bathroom-storage-bathroom-cabinet-handles-04.webp,/images/gallery/g69/g69-04-metallic-handles-against-the-dark-textured-bathroom-cabinet.webp,Metallic handles against the dark textured bathroom cabinet fronts,5063785cfb2b8de4046c2d3a65324e7ec2aac62804860388a08c86c6fd4970cf
G70,1,Belgravia Bespoke High-Gloss Fitted Wardrobe,"Belgravia, London",/images/gallery/belgravia-bedroom-fitted-wardrobe/belgravia-bedroom-fitted-wardrobe-wardrobe-doors-closed-01.webp,/images/gallery/g70/g70-01-closed-glossy-bedroom-wardrobe-doors-with-a-contrasting.webp,Closed glossy bedroom wardrobe doors with a contrasting pale horizontal band,6ed84ed5e50eb5b076c7c3a212a5ce4602e6c69bb8f2ceb5385ece53f088fe20
G70,2,Belgravia Bespoke High-Gloss Fitted Wardrobe,"Belgravia, London",/images/gallery/belgravia-bedroom-fitted-wardrobe/belgravia-bedroom-fitted-wardrobe-wardrobe-open-room-view-02.webp,/images/gallery/g70/g70-02-open-fitted-wardrobe-beside-the-bedroom-doorway.webp,Open fitted wardrobe beside the bedroom doorway,8e80643bcf3056a046d5b34ac89b3f70a310151527ae7246b47c717f93d7456c
G70,3,Belgravia Bespoke High-Gloss Fitted Wardrobe,"Belgravia, London",/images/gallery/belgravia-bedroom-fitted-wardrobe/belgravia-bedroom-fitted-wardrobe-wardrobe-pull-out-storage-03.webp,/images/gallery/g70/g70-03-illuminated-wardrobe-interior-with-hanging-clothes-and-pull.webp,Illuminated wardrobe interior with hanging clothes and pull-out storage,a4e83867021f618cf5f5bd13428907c6fabe1d81dddee112fcfcbadebd5db548
G70,4,Belgravia Bespoke High-Gloss Fitted Wardrobe,"Belgravia, London",/images/gallery/belgravia-bedroom-fitted-wardrobe/belgravia-bedroom-fitted-wardrobe-wardrobe-band-detail-04.webp,/images/gallery/g70/g70-04-detail-of-the-pale-horizontal-band-across-a.webp,Detail of the pale horizontal band across a glossy wardrobe door,07e0e09d3d7c8d743629ce9653196271bbb44de48eb4808168023df19825261a
G71,1,Belgravia Bespoke Fitted Bedroom Study Desk,"Belgravia, London",/images/gallery/belgravia-bedroom-study-desk/belgravia-bedroom-study-desk-window-desk-bookcase-01.webp,/images/gallery/g71/g71-01-fitted-bedroom-desk-beneath-a-window-beside-a.webp,"Fitted bedroom desk beneath a window beside a tall bookcase, with its drawer open",c40de9f2d6110a0cd9d62b8b0dc38bffa98b737f97dec37381d4d4adc03a470e
G71,2,Belgravia Bespoke Fitted Bedroom Study Desk,"Belgravia, London",/images/gallery/belgravia-bedroom-study-desk/belgravia-bedroom-study-desk-desk-drawer-front-02.webp,/images/gallery/g71/g71-02-close-view-of-the-fitted-desk-drawer-front.webp,Close view of the fitted desk drawer front and chair,e38fb2782e665464b4ca5784944d8f559185edd66bb99e0914350cec3f1e27b4
G71,3,Belgravia Bespoke Fitted Bedroom Study Desk,"Belgravia, London",/images/gallery/belgravia-bedroom-study-desk/belgravia-bedroom-study-desk-desk-edge-detail-03.webp,/images/gallery/g71/g71-03-close-up-of-the-dark-desk-edge-and.webp,Close-up of the dark desk edge and reflective drawer detail,989ff52b8c7566589f55d493abb945d9a5e72642090ef26e11eda0d46b8868e0
G72,1,Belgravia Bespoke High-Gloss Living-Room TV Wall,"Belgravia, London",/images/gallery/belgravia-living-room-tv-wall/belgravia-living-room-tv-wall-tv-wall-living-room-01.webp,/images/gallery/g72/g72-01-glossy-dark-fitted-tv-wall-beside-the-window.webp,Glossy dark fitted TV wall beside the window in a light Belgravia living room,0c73e7126abb2449a6f1ddbfb33eb6d1ad75cc27bb5ee9a3dd7aaea5031c215c
G73,1,Belgravia Bespoke Bedside Cabinets & Headboard,"Belgravia, London",/images/gallery/belgravia-headboard-bedside-cabinets/belgravia-headboard-bedside-cabinets-headboard-bedside-overall-01.webp,/images/gallery/g73/g73-01-tall-padded-headboard-with-reflective-side-panels-and.webp,Tall padded headboard with reflective side panels and dark bedside cabinets,0d6b76e5d7fbd5bbef11a503b1b82f1e861e874eb41b651cac9ece7392bad541
G73,2,Belgravia Bespoke Bedside Cabinets & Headboard,"Belgravia, London",/images/gallery/belgravia-headboard-bedside-cabinets/belgravia-headboard-bedside-cabinets-bedside-upper-drawer-02.webp,/images/gallery/g73/g73-02-bedside-cabinet-with-its-upper-drawer-open-beside.webp,Bedside cabinet with its upper drawer open beside the padded headboard,8a23f6ef83d4db02b2e2d13d2b4f816c82df346b0698d083400d26ddd0517f09
G73,3,Belgravia Bespoke Bedside Cabinets & Headboard,"Belgravia, London",/images/gallery/belgravia-headboard-bedside-cabinets/belgravia-headboard-bedside-cabinets-bedside-drawers-open-03.webp,/images/gallery/g73/g73-03-dark-bedside-cabinet-with-both-drawers-open.webp,Dark bedside cabinet with both drawers open,47b5a4632e4cefd7fae542b52db8c0dafeb80b0fb62a534823908f8fec632a76
G74,1,Belgravia Bespoke Floating Basin Shelf,"Belgravia, London",/images/gallery/belgravia-round-basin-vanity-shelf/belgravia-round-basin-vanity-shelf-round-basin-floating-vanity-01.webp,/images/gallery/g74/g74-01-round-white-basin-on-a-dark-floating-vanity.webp,Round white basin on a dark floating vanity shelf in a compact bathroom,22116030bfc39f2446762f8cc939250f22806d48a4ae419cc6a3cfe9c7a9ec65
G75,1,Belgravia Bespoke Wall-Mounted Bathroom Vanity,"Belgravia, London",/images/gallery/belgravia-rectangular-basin-vanity/belgravia-rectangular-basin-vanity-rectangular-basin-vanity-overall-01.webp,/images/gallery/g75/g75-01-wall-mounted-dark-vanity-with-rectangular-handles-beneath.webp,Wall-mounted dark vanity with rectangular handles beneath a white rectangular basin,7b27895b0e51e6ad671d02c138914d301b4f2caae8044c54cee889942537832f
G75,2,Belgravia Bespoke Wall-Mounted Bathroom Vanity,"Belgravia, London",/images/gallery/belgravia-rectangular-basin-vanity/belgravia-rectangular-basin-vanity-vanity-basin-handle-detail-02.webp,/images/gallery/g75/g75-02-side-detail-of-the-raised-basin-dark-vanity.webp,"Side detail of the raised basin, dark vanity front and rectangular metallic handles",604b78324f9e3b9e1e388b43f100c5753923b3ba116a80a4fe618173e3458079
G76,1,Belgravia Bespoke Light Fitted Study Desk,"Belgravia, London",/images/gallery/belgravia-light-fitted-study-desk/belgravia-light-fitted-study-desk-light-study-desk-overall-01.webp,/images/gallery/g76/g76-01-pale-fitted-study-desk-with-shallow-drawers-beside.webp,Pale fitted study desk with shallow drawers beside a window,02cc7cf5b724fa39e83a655a20bb1b6e42262e162b1dc5eda0b14948eb04fabb
G76,2,Belgravia Bespoke Light Fitted Study Desk,"Belgravia, London",/images/gallery/belgravia-light-fitted-study-desk/belgravia-light-fitted-study-desk-textured-desktop-inset-02.webp,/images/gallery/g76/g76-02-textured-inset-work-surface-meeting-the-pale-desk.webp,Textured inset work surface meeting the pale desk border,c70af6a925f971bdb7992ff54c4efc6d8d67d72fc7cf2b70b25a27e2ac490d9a
G77,1,Belgravia Bespoke Bedroom Storage & Padded Bed Wall,"Belgravia, London",/images/gallery/belgravia-padded-headboard-bedroom-storage/belgravia-padded-headboard-bedroom-storage-padded-headboard-overall-01.webp,/images/gallery/g77/g77-01-curved-padded-headboard-beneath-glossy-overhead-cupboards-with.webp,Curved padded headboard beneath glossy overhead cupboards with open book storage alongside,4ca40fc98bb5a7062b7ed699f5caa843fd01148eed73936aa396b373484de981
G77,2,Belgravia Bespoke Bedroom Storage & Padded Bed Wall,"Belgravia, London",/images/gallery/belgravia-padded-headboard-bedroom-storage/belgravia-padded-headboard-bedroom-storage-bedroom-joinery-room-view-02.webp,/images/gallery/g77/g77-02-bedroom-view-showing-the-padded-bed-wall-bookcase.webp,"Bedroom view showing the padded bed wall, bookcase and adjacent fitted storage",d0ed1b44254f8e2f54deb99df452e145d312291e9f7dfd2467d068d3ba42bbd3
G77,3,Belgravia Bespoke Bedroom Storage & Padded Bed Wall,"Belgravia, London",/images/gallery/belgravia-padded-headboard-bedroom-storage/belgravia-padded-headboard-bedroom-storage-bedside-bookcase-03.webp,/images/gallery/g77/g77-03-open-bookcase-and-bedside-surface-beside-the-curved.webp,Open bookcase and bedside surface beside the curved padded headboard,d9c909ebece25e8b9779cd4467307eed96ecde4bdb74ca11fc1d2958fb7cdcee
G77,4,Belgravia Bespoke Bedroom Storage & Padded Bed Wall,"Belgravia, London",/images/gallery/belgravia-padded-headboard-bedroom-storage/belgravia-padded-headboard-bedroom-storage-bedside-switch-panel-04.webp,/images/gallery/g77/g77-04-bedside-dimmer-switches-mounted-on-a-textured-inset.webp,Bedside dimmer switches mounted on a textured inset panel,a7899226b4ff82043434f7fb0c9db3fe693543e3b20ca4b49c2490c794f016fb
G77,5,Belgravia Bespoke Bedroom Storage & Padded Bed Wall,"Belgravia, London",/images/gallery/belgravia-padded-headboard-bedroom-storage/belgravia-padded-headboard-bedroom-storage-wardrobe-edge-detail-05.webp,/images/gallery/g77/g77-05-close-detail-of-a-textured-wardrobe-edge-and.webp,Close detail of a textured wardrobe edge and recessed fitting in the bedroom,a9b513827d0a87e791165c10b4a460e052066113b1b2f5be3b90b65648f2ddfe
