Gallery,Source filename,Drive ID,Output filename,Caption
"G35","IMG_9814_2.JPG","1cssE36pEJ4mU4HNLLJosKkURR6QUf1qt","public/images/gallery/belgravia-kids-room-home-office-furniture/belgravia-kids-room-home-office-furniture-bed-wall-bookcases-overall-01.webp","Full fitted bed wall with tall bookcases, overhead cupboards and bedside storage"
"G35","IMG_9817.JPG","1mfLQRhJ4GXvEcAg3fwtd_xW5ElJBgCYv","public/images/gallery/belgravia-kids-room-home-office-furniture/belgravia-kids-room-home-office-furniture-bookcase-bed-wall-angle-02.webp","Angled view of the bedroom bookcases and cupboards around the bed"
"G35","IMG_9823_1 (1).JPG","1EuszKUu8E7y_GlyIsf7N5xdRxulb9Vap","public/images/gallery/belgravia-kids-room-home-office-furniture/belgravia-kids-room-home-office-furniture-bedside-drawers-open-03.webp","Open bedside drawers beneath the fitted bedroom bookcase"
"G36","IMG_9928.JPG","1mqlT1ZH2dGCY-rYa7AgACmirQsP_h2Tg","public/images/gallery/belgravia-bathroom-furniture-antique-mirror/belgravia-bathroom-furniture-antique-mirror-decorative-bowl-vanity-front-01.webp","Dark floating cloakroom vanity beneath a decorative bowl basin and patterned wall"
"G36","IMG_9913_1.JPG","1una8iNy4qymvuyuFK8s_KRipOslC5cgn","public/images/gallery/belgravia-bathroom-furniture-antique-mirror/belgravia-bathroom-furniture-antique-mirror-cloakroom-vanity-doorway-02.webp","Doorway view of the dark cloakroom vanity and decorative basin"
"G38","IMG_9900_1.JPG","19EAdjdVpsYBXrv9dKVwjgt5qfqKpEC5p","public/images/gallery/belgravia-dining-room-tv-furniture/belgravia-dining-room-tv-furniture-dining-display-front-01.webp","Front view of illuminated dining display shelves above the table"
"G38","IMG_9896_1.JPG","1wciNF32xGOQnuD8q9Qf24h3Yn-nKMyoc","public/images/gallery/belgravia-dining-room-tv-furniture/belgravia-dining-room-tv-furniture-dining-cabinetry-room-view-02.webp","Full dining-room view with tall fitted display cabinetry"
"G38","IMG_9903.JPG","1qPkB34LlwqJf7_yP3oUuqW8ejhlIt7Zc","public/images/gallery/belgravia-dining-room-tv-furniture/belgravia-dining-room-tv-furniture-dining-storage-closed-03.webp","Closed glossy dining storage beside the table"
"G38","IMG_9904_1.JPG","1_2vMiYIAel89N2-Qx9wd8tYsECthgNGs","public/images/gallery/belgravia-dining-room-tv-furniture/belgravia-dining-room-tv-furniture-dining-storage-open-04.webp","Open tall dining cupboard revealing shelves and stored items"
"G38","IMG_9899.JPG","1GEWGBOSsfdcjMn1djnWj-V4dYphddkvJ","public/images/gallery/belgravia-dining-room-tv-furniture/belgravia-dining-room-tv-furniture-textured-display-panel-05.webp","Textured inset panel within the dining cabinetry"
"G38","IMG_9906_1.JPG","1iViJdOoC6KgJr8zkjNFRhUbMiIwzfWwv","public/images/gallery/belgravia-dining-room-tv-furniture/belgravia-dining-room-tv-furniture-illuminated-shelves-detail-06.webp","Illuminated dining display shelves beside the window shutters"
"G39","IMG_9995_2.jpg","15jGtRnR0kK-lZoI9BWNLbODfQ6Cr_zc1","public/images/gallery/belgravia-master-bedroom-furniture/belgravia-master-bedroom-furniture-bedroom-tv-dressing-wall-01.webp","Overall bedroom TV wall with glossy cupboards and an illuminated dressing table"
"G39","IMG_9993.JPG","1H7vJ6gxfeFB-tto5PkJjJQRxUmjfjURK","public/images/gallery/belgravia-master-bedroom-furniture/belgravia-master-bedroom-furniture-tv-wall-room-angle-02.webp","Angled room view of the TV wall and dressing table"
"G39","IMG_0015_2.JPG","1eV7JwsB_fw-4NJCkaInILMgtSHewxeHr","public/images/gallery/belgravia-master-bedroom-furniture/belgravia-master-bedroom-furniture-dressing-table-open-drawer-03.webp","Fitted dressing table with an open drawer beside the television"
"G39","IMG_0046_1.jpg","1hEwTE5cukM_a3xs0cIkm6H_dwEl6kHxB","public/images/gallery/belgravia-master-bedroom-furniture/belgravia-master-bedroom-furniture-bedroom-wall-context-04.webp","Bedroom view towards the fitted TV wall and dressing area"
"G39","IMG_0033_1.JPG","1evD6HAqX0HE6qRNzdVutbcPfIlqz8llI","public/images/gallery/belgravia-master-bedroom-furniture/belgravia-master-bedroom-furniture-dressing-stool-space-05.webp","Stool tucked beneath the fitted dressing table"
"G41","i0035.jpg","1fRJ4DCAAMZeI90_ItBleGxRtbeu6luPF","public/images/gallery/esher-luxury-residence-walk-in-wardrobe/esher-luxury-residence-walk-in-wardrobe-dark-walk-in-wardrobe-overall-01.webp","Overall view of the dark fitted walk-in wardrobe at the Esher residence"
"G41","i0034 (1).jpg","1UdA0OjEPTnecilVw8Eem2r3uZQ4Lp5v-","public/images/gallery/esher-luxury-residence-walk-in-wardrobe/esher-luxury-residence-walk-in-wardrobe-dark-wardrobe-interior-02.webp","Dark walk-in wardrobe showing open hanging and shelf storage"
"G41","i0037 (1).jpg","12V7y0Pi-iC5if3YTq6RbWptq4S9CsLKD","public/images/gallery/esher-luxury-residence-walk-in-wardrobe/esher-luxury-residence-walk-in-wardrobe-wardrobe-handle-panel-detail-03.webp","Close detail of the wardrobe handle and surrounding dark panel"
"G41","i0036.jpg","1dpL3Xsv8nbwViWRC2NmQndk2RQy_jQO7","public/images/gallery/esher-luxury-residence-walk-in-wardrobe/esher-luxury-residence-walk-in-wardrobe-wardrobe-hardware-detail-04.webp","Metallic fitting detail on the dark wardrobe cabinetry"
"G62","E0002.jpg","15q-KbMZWym89x37HDu5Vkly552uix9TF","public/images/gallery/esher-entrance-wardrobe-bench/esher-entrance-wardrobe-bench-closed-wardrobe-bench-01.webp","Closed pale hallway wardrobe beside a fitted bench, coat hooks and open shoe shelves"
"G62","E0003.jpg","15L6xI1VtPfX10y3FBbg4cLTXAjRQLcAR","public/images/gallery/esher-entrance-wardrobe-bench/esher-entrance-wardrobe-bench-open-hanging-shoe-storage-02.webp","Open entrance wardrobe showing hanging rails, upper shelves and rows of shoe storage"
"G62","E0001.jpg","1Rbub6dLymqFnAuQjoqJIFzlMQg80EGlX","public/images/gallery/esher-entrance-wardrobe-bench/esher-entrance-wardrobe-bench-hallway-doorway-view-03.webp","Doorway view towards the fitted hallway bench and open shelving"
"G63","M0044.jpg","1e36QoJKo2twdAm0ooRlCX9ciezu2JKzy","public/images/gallery/esher-decorative-mirrored-wardrobes/esher-decorative-mirrored-wardrobes-mirrored-doors-closed-01.webp","Closed mirrored wardrobe doors with pale circular patterns beside a window"
"G63","M0047.jpg","1rydnaJxvo3JtrcWDUlJ3-_1LDnel1KGn","public/images/gallery/esher-decorative-mirrored-wardrobes/esher-decorative-mirrored-wardrobes-wardrobe-doors-open-02.webp","Open mirrored wardrobe revealing hanging clothes, an upper shelf and lower storage"
"G63","M0045.jpg","1kH7kMEdVrciaY664KYZqJ4IPVEyFkRzO","public/images/gallery/esher-decorative-mirrored-wardrobes/esher-decorative-mirrored-wardrobes-dressing-room-shelving-03.webp","Dressing-room view showing mirrored wardrobes and open shoe shelves"
"G63","M0046.jpg","1TFSkZyOySOYAhMR8spFqwCqTJ-dYMA0d","public/images/gallery/esher-decorative-mirrored-wardrobes/esher-decorative-mirrored-wardrobes-open-shoe-shelves-04.webp","Open fitted shoe shelving along the dressing-room passage"
"G63","M0043.jpg","1I3ViFJ316J0fGv-J4bI7s001qyS00N8M","public/images/gallery/esher-decorative-mirrored-wardrobes/esher-decorative-mirrored-wardrobes-dressing-room-passage-05.webp","View along the passage towards mirrored wardrobe doors and shoe storage"
"G64","ARAM {HIGH RES}  (19).JPG","1k5KN9pvzRzOPNsvse9j5SfL1a_oX9fJD","public/images/gallery/dining-display-drinks-cabinet/dining-display-drinks-cabinet-dining-cabinet-overall-01.webp","Full dining-wall view of dark display cabinetry behind the table"
"G64","ARAM {HIGH RES}  (17).jpg","1fgzZWKQ2d17GpdPKf8JYyM4T5SWiR7YO","public/images/gallery/dining-display-drinks-cabinet/dining-display-drinks-cabinet-display-drinks-storage-02.webp","Angled view of illuminated shelves, lower cupboards and glazed drinks storage"
"G64","ARAM {HIGH RES}  (21).jpg","1SUxaA8cCOsZsMFVQpZmBFn3GuwNKy7JJ","public/images/gallery/dining-display-drinks-cabinet/dining-display-drinks-cabinet-lower-cupboard-open-03.webp","Open lower cupboard beneath mirrored display shelves"
"G64","ARAM {HIGH RES}  (14).jpg","1cIAhfkQysQmW3Wer9mvRKIy1RsBIj13e","public/images/gallery/dining-display-drinks-cabinet/dining-display-drinks-cabinet-illuminated-shelf-detail-04.webp","Display shelf with a fine metallic edge and integrated lighting"
"G64","ARAM {HIGH RES}  (13).jpg","1WoO7KRp8RjaD63yH2GReKiJrp8qQxxWC","public/images/gallery/dining-display-drinks-cabinet/dining-display-drinks-cabinet-cabinet-handle-detail-05.webp","Textured metallic handles on dark dining cabinet doors"
"G64","ARAM {HIGH RES}  (15).jpg","1JrDFqQ5pwZ3wERrZkyZ3J5O0ppooKYAk","public/images/gallery/dining-display-drinks-cabinet/dining-display-drinks-cabinet-shelf-trim-junction-06.webp","Fine metallic trim crossing the cabinet above glazed drinks storage"
"G65","ARAM {HIGH RES}  (22).jpg","1TiCY0mFjzOh9wJeIWvLT1cVPLsciRjSm","public/images/gallery/lift-up-mirror-dressing-table/lift-up-mirror-dressing-table-dressing-table-overall-01.webp","Full dressing table with drawer banks and a raised mirror beneath a rooflight"
"G65","ARAM {HIGH RES}  (31).jpg","171xw9qMmf0q8gLP4p7BZXQ8DIR92xdsz","public/images/gallery/lift-up-mirror-dressing-table/lift-up-mirror-dressing-table-dressing-table-side-view-02.webp","Side view of the fitted dressing table and chair under the sloping ceiling"
"G65","ARAM {HIGH RES}  (29).jpg","1_FmA3rC2Dww448T9zaYfqsQcz8P7kUyM","public/images/gallery/lift-up-mirror-dressing-table/lift-up-mirror-dressing-table-lift-up-mirror-compartments-03.webp","Raised dressing-table mirror above divided cosmetics compartments"
"G65","ARAM {HIGH RES}  (25).jpg","1yLXeDDEKKbe-xJHTVMJMzaeHhnfqebWV","public/images/gallery/lift-up-mirror-dressing-table/lift-up-mirror-dressing-table-organised-storage-tray-04.webp","Divided dressing-table tray containing cosmetics and brushes"
"G65","ARAM {HIGH RES}  (27).jpg","1yLhBJqLozqHrAhznsMupAkqtRjFK_ZgT","public/images/gallery/lift-up-mirror-dressing-table/lift-up-mirror-dressing-table-open-drawer-detail-05.webp","Open dressing-table drawer beneath a textured drawer front"
"G65","ARAM {HIGH RES}  (30).jpg","1BF1haAnJ0O0TyOZZ3Utrn53IXc20IzYE","public/images/gallery/lift-up-mirror-dressing-table/lift-up-mirror-dressing-table-drawer-front-handles-06.webp","Textured drawer fronts with small rounded metallic handles"
"G66","ARAM {HIGH RES}  (32).JPG","1_hmNZ2gXpb7_LTX3y-nCVydTVw1hp9Mv","public/images/gallery/fitted-eaves-cupboard/fitted-eaves-cupboard-two-door-eaves-cupboard-01.webp","Pale two-door fitted cupboard in the low wall beneath a sloping ceiling"
"G67","ARAM {HIGH RES}  (33).JPG","1CY4hrBrKLa23Y2UxPeGTrgO1PxyW_3YT","public/images/gallery/bedroom-tv-cabinet/bedroom-tv-cabinet-bedroom-tv-cabinet-overall-01.webp","Bedroom TV cabinet beneath a sloping ceiling with open shelves and pale lower cupboards"
"G67","ARAM {HIGH RES}  (34).jpg","1p-nthG-fkVFtiyn6mfqTOdrFXdeFkTfr","public/images/gallery/bedroom-tv-cabinet/bedroom-tv-cabinet-bedroom-tv-cabinet-room-view-02.webp","Room view of the fitted bedroom television cabinet and reflective surround"
"G68","ARAM {HIGH RES}  (35).jpg","1JJ5oL8aJdaQJuqeT94bXhU9Oj1cGSJJH","public/images/gallery/ventilated-eaves-cabinet/ventilated-eaves-cabinet-ventilated-cabinet-rooflight-01.webp","Low pale cabinet beneath a rooflight with framed doors and a ventilation grille in the top"
"G69","ARAM {HIGH RES}  (36).jpg","1f8tg2zAEhhdZJcUpmnjFRNXDNPz_hgLy","public/images/gallery/sloping-ceiling-bathroom-storage/sloping-ceiling-bathroom-storage-bathroom-cupboards-closed-01.webp","Dark bathroom cupboards with closed doors shaped beneath a sloping ceiling"
"G69","ARAM {HIGH RES}  (37).jpg","1BcnOaPme9SBkYbTmVVkK-smdMa054drV","public/images/gallery/sloping-ceiling-bathroom-storage/sloping-ceiling-bathroom-storage-bathroom-cupboards-open-02.webp","Open bathroom cupboard doors revealing internal shelving"
"G69","ARAM {HIGH RES}  (38).jpg","1QyPIkvRI8XG5hXyb4BM43g3RyBLKcXQ7","public/images/gallery/sloping-ceiling-bathroom-storage/sloping-ceiling-bathroom-storage-bathroom-storage-room-view-03.webp","Wide bathroom view of the fitted cupboards beside the bath and vanity"
"G69","ARAM {HIGH RES}  (39).jpg","1ciwjGE0Kwi-B_8MfilFJW6Gk1NLTyzTc","public/images/gallery/sloping-ceiling-bathroom-storage/sloping-ceiling-bathroom-storage-bathroom-cabinet-handles-04.webp","Metallic handles against the dark textured bathroom cabinet fronts"
"G70","IMG_9826_1.jpg","1pLL8BXEsqdVR394JsHOGpOab7Hv2mNXD","public/images/gallery/belgravia-bedroom-fitted-wardrobe/belgravia-bedroom-fitted-wardrobe-wardrobe-doors-closed-01.webp","Closed glossy bedroom wardrobe doors with a contrasting pale horizontal band"
"G70","IMG_9825.JPG","1u6J_6MAOs9WNafrGwEeiZKbz89eRsq6Q","public/images/gallery/belgravia-bedroom-fitted-wardrobe/belgravia-bedroom-fitted-wardrobe-wardrobe-open-room-view-02.webp","Open fitted wardrobe beside the bedroom doorway"
"G70","IMG_9830.JPG","1dOo4TYSr6J5GYq4c-3jp-3DavptCISdU","public/images/gallery/belgravia-bedroom-fitted-wardrobe/belgravia-bedroom-fitted-wardrobe-wardrobe-pull-out-storage-03.webp","Illuminated wardrobe interior with hanging clothes and pull-out storage"
"G70","IMG_9838.JPG","1Ctl7C_VHiSBRY586uKwp2kyLAc7KJl_i","public/images/gallery/belgravia-bedroom-fitted-wardrobe/belgravia-bedroom-fitted-wardrobe-wardrobe-band-detail-04.webp","Detail of the pale horizontal band across a glossy wardrobe door"
"G71","IMG_9807.JPG","1iY5c7DI6QUGAhEmquz84aFexQ3Tnyjtf","public/images/gallery/belgravia-bedroom-study-desk/belgravia-bedroom-study-desk-window-desk-bookcase-01.webp","Fitted bedroom desk beneath a window beside a tall bookcase, with its drawer open"
"G71","IMG_9768.JPG","1qp6Z2ZzFqMu1-G3OTnLUDAzGJfBdBtiU","public/images/gallery/belgravia-bedroom-study-desk/belgravia-bedroom-study-desk-desk-drawer-front-02.webp","Close view of the fitted desk drawer front and chair"
"G71","IMG_9789.JPG","1MksyQugbSyEdqPZjDRjfb7eCLzN2ewnZ","public/images/gallery/belgravia-bedroom-study-desk/belgravia-bedroom-study-desk-desk-edge-detail-03.webp","Close-up of the dark desk edge and reflective drawer detail"
"G72","IMG_0063_1.JPG","1rnVWjsIlcgY_Xl44D87fivqAhOm9MTxS","public/images/gallery/belgravia-living-room-tv-wall/belgravia-living-room-tv-wall-tv-wall-living-room-01.webp","Glossy dark fitted TV wall beside the window in a light Belgravia living room"
"G73","IMG_0021_1.JPG","1r5FVS7lZ2JjRg7thaN5LBxq1gWtvTjL7","public/images/gallery/belgravia-headboard-bedside-cabinets/belgravia-headboard-bedside-cabinets-headboard-bedside-overall-01.webp","Tall padded headboard with reflective side panels and dark bedside cabinets"
"G73","IMG_0034_1.JPG","1Um2PaSplMqPqY5FihdoemLuK856E8VxA","public/images/gallery/belgravia-headboard-bedside-cabinets/belgravia-headboard-bedside-cabinets-bedside-upper-drawer-02.webp","Bedside cabinet with its upper drawer open beside the padded headboard"
"G73","IMG_0035_1.JPG","1UndPSkynSa16_yXoHW6GVlK-oejjcbnj","public/images/gallery/belgravia-headboard-bedside-cabinets/belgravia-headboard-bedside-cabinets-bedside-drawers-open-03.webp","Dark bedside cabinet with both drawers open"
"G74","IMG_0060_1.JPG","1Ezi4gmkflQdHpC6O2lJOpk64f-D-udsf","public/images/gallery/belgravia-round-basin-vanity-shelf/belgravia-round-basin-vanity-shelf-round-basin-floating-vanity-01.webp","Round white basin on a dark floating vanity shelf in a compact bathroom"
"G75","IMG_9977.JPG","1tayGSJS8j8sVkXfzzxaU39HzpWjXYWtE","public/images/gallery/belgravia-rectangular-basin-vanity/belgravia-rectangular-basin-vanity-rectangular-basin-vanity-overall-01.webp","Wall-mounted dark vanity with rectangular handles beneath a white rectangular basin"
"G75","IMG_9990_1.JPG","1N5rYLnJ2TTHo39DVfx7DbMmMpj1rvU1L","public/images/gallery/belgravia-rectangular-basin-vanity/belgravia-rectangular-basin-vanity-vanity-basin-handle-detail-02.webp","Side detail of the raised basin, dark vanity front and rectangular metallic handles"
"G76","IMG_9711_2.JPG","1cu4w5GTn2EE6Wxf2KJv-T2V0KLT0kMua","public/images/gallery/belgravia-light-fitted-study-desk/belgravia-light-fitted-study-desk-light-study-desk-overall-01.webp","Pale fitted study desk with shallow drawers beside a window"
"G76","IMG_9713.JPG","1N2UTW7Z25-ZHlYnqEKNoYPk2d24LHLEq","public/images/gallery/belgravia-light-fitted-study-desk/belgravia-light-fitted-study-desk-textured-desktop-inset-02.webp","Textured inset work surface meeting the pale desk border"
"G77","IMG_9742_1.JPG","1xRCx7wZw0UlefJwO5UnDVGR1_mEOhc6D","public/images/gallery/belgravia-padded-headboard-bedroom-storage/belgravia-padded-headboard-bedroom-storage-padded-headboard-overall-01.webp","Curved padded headboard beneath glossy overhead cupboards with open book storage alongside"
"G77","IMG_9761.JPG","1KfykVA_PJE_CUqG-TxWlSoM41N1YaG-z","public/images/gallery/belgravia-padded-headboard-bedroom-storage/belgravia-padded-headboard-bedroom-storage-bedroom-joinery-room-view-02.webp","Bedroom view showing the padded bed wall, bookcase and adjacent fitted storage"
"G77","IMG_9740.JPG","1tl-ztEwqs-IkAMrbd87zhEYb0U03FnhN","public/images/gallery/belgravia-padded-headboard-bedroom-storage/belgravia-padded-headboard-bedroom-storage-bedside-bookcase-03.webp","Open bookcase and bedside surface beside the curved padded headboard"
"G77","IMG_9749.JPG","14r8y1VNK8Ig7JAmaTty5cn7uxlEoilB1","public/images/gallery/belgravia-padded-headboard-bedroom-storage/belgravia-padded-headboard-bedroom-storage-bedside-switch-panel-04.webp","Bedside dimmer switches mounted on a textured inset panel"
"G77","IMG_9763_2.JPG","1qxCWvnnMlrp4xTZiT4X5SO5G8Hna_g08","public/images/gallery/belgravia-padded-headboard-bedroom-storage/belgravia-padded-headboard-bedroom-storage-wardrobe-edge-detail-05.webp","Close detail of a textured wardrobe edge and recessed fitting in the bedroom"
